word_id,word,tts_text,quality,voice,variant,stretch,path
0,ਊਠ,ऊठ,N,en-US-EmmaMultilingualNeural,normal,1.0,synthetic_tts_dataset\1 ਊਠ N\tts_en_US_Emma_normal.wav
0,ਊਠ,ऊठ,N,en-US-EmmaMultilingualNeural,slow,1.12,synthetic_tts_dataset\1 ਊਠ N\tts_en_US_Emma_slow.wav
0,ਊਠ,ऊठ,N,en-US-EmmaMultilingualNeural,fast,0.9,synthetic_tts_dataset\1 ਊਠ N\tts_en_US_Emma_fast.wav
0,ਊਠ,ऊठ,N,en-US-AvaMultilingualNeural,normal,1.0,synthetic_tts_dataset\1 ਊਠ N\tts_en_US_Ava_normal.wav
0,ਊਠ,ऊठ,N,en-US-AvaMultilingualNeural,slow,1.12,synthetic_tts_dataset\1 ਊਠ N\tts_en_US_Ava_slow.wav
0,ਊਠ,ऊठ,N,en-US-AvaMultilingualNeural,fast,0.9,synthetic_tts_dataset\1 ਊਠ N\tts_en_US_Ava_fast.wav
0,ਊਠ,ऊठ,N,en-US-AndrewMultilingualNeural,normal,1.0,synthetic_tts_dataset\1 ਊਠ N\tts_en_US_Andrew_normal.wav
0,ਊਠ,ऊठ,N,en-US-AndrewMultilingualNeural,slow,1.12,synthetic_tts_dataset\1 ਊਠ N\tts_en_US_Andrew_slow.wav
0,ਊਠ,ऊठ,N,en-US-AndrewMultilingualNeural,fast,0.9,synthetic_tts_dataset\1 ਊਠ N\tts_en_US_Andrew_fast.wav
0,ਊਠ,ऊठ,N,en-US-BrianMultilingualNeural,normal,1.0,synthetic_tts_dataset\1 ਊਠ N\tts_en_US_Brian_normal.wav
0,ਊਠ,ऊठ,N,en-US-BrianMultilingualNeural,slow,1.12,synthetic_tts_dataset\1 ਊਠ N\tts_en_US_Brian_slow.wav
0,ਊਠ,ऊठ,N,en-US-BrianMultilingualNeural,fast,0.9,synthetic_tts_dataset\1 ਊਠ N\tts_en_US_Brian_fast.wav
0,ਊਠ,ऊठ,N,en-AU-WilliamMultilingualNeural,normal,1.0,synthetic_tts_dataset\1 ਊਠ N\tts_en_AU_William_normal.wav
0,ਊਠ,ऊठ,N,en-AU-WilliamMultilingualNeural,slow,1.12,synthetic_tts_dataset\1 ਊਠ N\tts_en_AU_William_slow.wav
0,ਊਠ,ऊठ,N,en-AU-WilliamMultilingualNeural,fast,0.9,synthetic_tts_dataset\1 ਊਠ N\tts_en_AU_William_fast.wav
1,ਉਂਗਲ,उंगली,N,en-US-EmmaMultilingualNeural,normal,1.0,synthetic_tts_dataset\2 ਉਂਗਲ N\tts_en_US_Emma_normal.wav
1,ਉਂਗਲ,उंगली,N,en-US-EmmaMultilingualNeural,slow,1.12,synthetic_tts_dataset\2 ਉਂਗਲ N\tts_en_US_Emma_slow.wav
1,ਉਂਗਲ,उंगली,N,en-US-EmmaMultilingualNeural,fast,0.9,synthetic_tts_dataset\2 ਉਂਗਲ N\tts_en_US_Emma_fast.wav
1,ਉਂਗਲ,उंगली,N,en-US-AvaMultilingualNeural,normal,1.0,synthetic_tts_dataset\2 ਉਂਗਲ N\tts_en_US_Ava_normal.wav
1,ਉਂਗਲ,उंगली,N,en-US-AvaMultilingualNeural,slow,1.12,synthetic_tts_dataset\2 ਉਂਗਲ N\tts_en_US_Ava_slow.wav
1,ਉਂਗਲ,उंगली,N,en-US-AvaMultilingualNeural,fast,0.9,synthetic_tts_dataset\2 ਉਂਗਲ N\tts_en_US_Ava_fast.wav
1,ਉਂਗਲ,उंगली,N,en-US-AndrewMultilingualNeural,normal,1.0,synthetic_tts_dataset\2 ਉਂਗਲ N\tts_en_US_Andrew_normal.wav
1,ਉਂਗਲ,उंगली,N,en-US-AndrewMultilingualNeural,slow,1.12,synthetic_tts_dataset\2 ਉਂਗਲ N\tts_en_US_Andrew_slow.wav
1,ਉਂਗਲ,उंगली,N,en-US-AndrewMultilingualNeural,fast,0.9,synthetic_tts_dataset\2 ਉਂਗਲ N\tts_en_US_Andrew_fast.wav
1,ਉਂਗਲ,उंगली,N,en-US-BrianMultilingualNeural,normal,1.0,synthetic_tts_dataset\2 ਉਂਗਲ N\tts_en_US_Brian_normal.wav
1,ਉਂਗਲ,उंगली,N,en-US-BrianMultilingualNeural,slow,1.12,synthetic_tts_dataset\2 ਉਂਗਲ N\tts_en_US_Brian_slow.wav
1,ਉਂਗਲ,उंगली,N,en-US-BrianMultilingualNeural,fast,0.9,synthetic_tts_dataset\2 ਉਂਗਲ N\tts_en_US_Brian_fast.wav
1,ਉਂਗਲ,उंगली,N,en-AU-WilliamMultilingualNeural,normal,1.0,synthetic_tts_dataset\2 ਉਂਗਲ N\tts_en_AU_William_normal.wav
1,ਉਂਗਲ,उंगली,N,en-AU-WilliamMultilingualNeural,slow,1.12,synthetic_tts_dataset\2 ਉਂਗਲ N\tts_en_AU_William_slow.wav
1,ਉਂਗਲ,उंगली,N,en-AU-WilliamMultilingualNeural,fast,0.9,synthetic_tts_dataset\2 ਉਂਗਲ N\tts_en_AU_William_fast.wav
2,ਅੱਖ,आंख,N,en-US-EmmaMultilingualNeural,normal,1.0,synthetic_tts_dataset\3 ਅੱਖ N\tts_en_US_Emma_normal.wav
2,ਅੱਖ,आंख,N,en-US-EmmaMultilingualNeural,slow,1.12,synthetic_tts_dataset\3 ਅੱਖ N\tts_en_US_Emma_slow.wav
2,ਅੱਖ,आंख,N,en-US-EmmaMultilingualNeural,fast,0.9,synthetic_tts_dataset\3 ਅੱਖ N\tts_en_US_Emma_fast.wav
2,ਅੱਖ,आंख,N,en-US-AvaMultilingualNeural,normal,1.0,synthetic_tts_dataset\3 ਅੱਖ N\tts_en_US_Ava_normal.wav
2,ਅੱਖ,आंख,N,en-US-AvaMultilingualNeural,slow,1.12,synthetic_tts_dataset\3 ਅੱਖ N\tts_en_US_Ava_slow.wav
2,ਅੱਖ,आंख,N,en-US-AvaMultilingualNeural,fast,0.9,synthetic_tts_dataset\3 ਅੱਖ N\tts_en_US_Ava_fast.wav
2,ਅੱਖ,आंख,N,en-US-AndrewMultilingualNeural,normal,1.0,synthetic_tts_dataset\3 ਅੱਖ N\tts_en_US_Andrew_normal.wav
2,ਅੱਖ,आंख,N,en-US-AndrewMultilingualNeural,slow,1.12,synthetic_tts_dataset\3 ਅੱਖ N\tts_en_US_Andrew_slow.wav
2,ਅੱਖ,आंख,N,en-US-AndrewMultilingualNeural,fast,0.9,synthetic_tts_dataset\3 ਅੱਖ N\tts_en_US_Andrew_fast.wav
2,ਅੱਖ,आंख,N,en-US-BrianMultilingualNeural,normal,1.0,synthetic_tts_dataset\3 ਅੱਖ N\tts_en_US_Brian_normal.wav
2,ਅੱਖ,आंख,N,en-US-BrianMultilingualNeural,slow,1.12,synthetic_tts_dataset\3 ਅੱਖ N\tts_en_US_Brian_slow.wav
2,ਅੱਖ,आंख,N,en-US-BrianMultilingualNeural,fast,0.9,synthetic_tts_dataset\3 ਅੱਖ N\tts_en_US_Brian_fast.wav
2,ਅੱਖ,आंख,N,en-AU-WilliamMultilingualNeural,normal,1.0,synthetic_tts_dataset\3 ਅੱਖ N\tts_en_AU_William_normal.wav
2,ਅੱਖ,आंख,N,en-AU-WilliamMultilingualNeural,slow,1.12,synthetic_tts_dataset\3 ਅੱਖ N\tts_en_AU_William_slow.wav
2,ਅੱਖ,आंख,N,en-AU-WilliamMultilingualNeural,fast,0.9,synthetic_tts_dataset\3 ਅੱਖ N\tts_en_AU_William_fast.wav
3,ਅੰਬ,अंब,N,en-US-EmmaMultilingualNeural,normal,1.0,synthetic_tts_dataset\4 ਅੰਬ N\tts_en_US_Emma_normal.wav
3,ਅੰਬ,अंब,N,en-US-EmmaMultilingualNeural,slow,1.12,synthetic_tts_dataset\4 ਅੰਬ N\tts_en_US_Emma_slow.wav
3,ਅੰਬ,अंब,N,en-US-EmmaMultilingualNeural,fast,0.9,synthetic_tts_dataset\4 ਅੰਬ N\tts_en_US_Emma_fast.wav
3,ਅੰਬ,अंब,N,en-US-AvaMultilingualNeural,normal,1.0,synthetic_tts_dataset\4 ਅੰਬ N\tts_en_US_Ava_normal.wav
3,ਅੰਬ,अंब,N,en-US-AvaMultilingualNeural,slow,1.12,synthetic_tts_dataset\4 ਅੰਬ N\tts_en_US_Ava_slow.wav
3,ਅੰਬ,अंब,N,en-US-AvaMultilingualNeural,fast,0.9,synthetic_tts_dataset\4 ਅੰਬ N\tts_en_US_Ava_fast.wav
3,ਅੰਬ,अंब,N,en-US-AndrewMultilingualNeural,normal,1.0,synthetic_tts_dataset\4 ਅੰਬ N\tts_en_US_Andrew_normal.wav
3,ਅੰਬ,अंब,N,en-US-AndrewMultilingualNeural,slow,1.12,synthetic_tts_dataset\4 ਅੰਬ N\tts_en_US_Andrew_slow.wav
3,ਅੰਬ,अंब,N,en-US-AndrewMultilingualNeural,fast,0.9,synthetic_tts_dataset\4 ਅੰਬ N\tts_en_US_Andrew_fast.wav
3,ਅੰਬ,अंब,N,en-US-BrianMultilingualNeural,normal,1.0,synthetic_tts_dataset\4 ਅੰਬ N\tts_en_US_Brian_normal.wav
3,ਅੰਬ,अंब,N,en-US-BrianMultilingualNeural,slow,1.12,synthetic_tts_dataset\4 ਅੰਬ N\tts_en_US_Brian_slow.wav
3,ਅੰਬ,अंब,N,en-US-BrianMultilingualNeural,fast,0.9,synthetic_tts_dataset\4 ਅੰਬ N\tts_en_US_Brian_fast.wav
3,ਅੰਬ,अंब,N,en-AU-WilliamMultilingualNeural,normal,1.0,synthetic_tts_dataset\4 ਅੰਬ N\tts_en_AU_William_normal.wav
3,ਅੰਬ,अंब,N,en-AU-WilliamMultilingualNeural,slow,1.12,synthetic_tts_dataset\4 ਅੰਬ N\tts_en_AU_William_slow.wav
3,ਅੰਬ,अंब,N,en-AU-WilliamMultilingualNeural,fast,0.9,synthetic_tts_dataset\4 ਅੰਬ N\tts_en_AU_William_fast.wav
4,ਇੱਟ,ईंट,N,en-US-EmmaMultilingualNeural,normal,1.0,synthetic_tts_dataset\5 ਇੱਟ N\tts_en_US_Emma_normal.wav
4,ਇੱਟ,ईंट,N,en-US-EmmaMultilingualNeural,slow,1.12,synthetic_tts_dataset\5 ਇੱਟ N\tts_en_US_Emma_slow.wav
4,ਇੱਟ,ईंट,N,en-US-EmmaMultilingualNeural,fast,0.9,synthetic_tts_dataset\5 ਇੱਟ N\tts_en_US_Emma_fast.wav
4,ਇੱਟ,ईंट,N,en-US-AvaMultilingualNeural,normal,1.0,synthetic_tts_dataset\5 ਇੱਟ N\tts_en_US_Ava_normal.wav
4,ਇੱਟ,ईंट,N,en-US-AvaMultilingualNeural,slow,1.12,synthetic_tts_dataset\5 ਇੱਟ N\tts_en_US_Ava_slow.wav
4,ਇੱਟ,ईंट,N,en-US-AvaMultilingualNeural,fast,0.9,synthetic_tts_dataset\5 ਇੱਟ N\tts_en_US_Ava_fast.wav
4,ਇੱਟ,ईंट,N,en-US-AndrewMultilingualNeural,normal,1.0,synthetic_tts_dataset\5 ਇੱਟ N\tts_en_US_Andrew_normal.wav
4,ਇੱਟ,ईंट,N,en-US-AndrewMultilingualNeural,slow,1.12,synthetic_tts_dataset\5 ਇੱਟ N\tts_en_US_Andrew_slow.wav
4,ਇੱਟ,ईंट,N,en-US-AndrewMultilingualNeural,fast,0.9,synthetic_tts_dataset\5 ਇੱਟ N\tts_en_US_Andrew_fast.wav
4,ਇੱਟ,ईंट,N,en-US-BrianMultilingualNeural,normal,1.0,synthetic_tts_dataset\5 ਇੱਟ N\tts_en_US_Brian_normal.wav
4,ਇੱਟ,ईंट,N,en-US-BrianMultilingualNeural,slow,1.12,synthetic_tts_dataset\5 ਇੱਟ N\tts_en_US_Brian_slow.wav
4,ਇੱਟ,ईंट,N,en-US-BrianMultilingualNeural,fast,0.9,synthetic_tts_dataset\5 ਇੱਟ N\tts_en_US_Brian_fast.wav
4,ਇੱਟ,ईंट,N,en-AU-WilliamMultilingualNeural,normal,1.0,synthetic_tts_dataset\5 ਇੱਟ N\tts_en_AU_William_normal.wav
4,ਇੱਟ,ईंट,N,en-AU-WilliamMultilingualNeural,slow,1.12,synthetic_tts_dataset\5 ਇੱਟ N\tts_en_AU_William_slow.wav
4,ਇੱਟ,ईंट,N,en-AU-WilliamMultilingualNeural,fast,0.9,synthetic_tts_dataset\5 ਇੱਟ N\tts_en_AU_William_fast.wav
5,ਇੰਜਣ,इंजन,N,en-US-EmmaMultilingualNeural,normal,1.0,synthetic_tts_dataset\6 ਇੰਜਣ N\tts_en_US_Emma_normal.wav
5,ਇੰਜਣ,इंजन,N,en-US-EmmaMultilingualNeural,slow,1.12,synthetic_tts_dataset\6 ਇੰਜਣ N\tts_en_US_Emma_slow.wav
5,ਇੰਜਣ,इंजन,N,en-US-EmmaMultilingualNeural,fast,0.9,synthetic_tts_dataset\6 ਇੰਜਣ N\tts_en_US_Emma_fast.wav
5,ਇੰਜਣ,इंजन,N,en-US-AvaMultilingualNeural,normal,1.0,synthetic_tts_dataset\6 ਇੰਜਣ N\tts_en_US_Ava_normal.wav
5,ਇੰਜਣ,इंजन,N,en-US-AvaMultilingualNeural,slow,1.12,synthetic_tts_dataset\6 ਇੰਜਣ N\tts_en_US_Ava_slow.wav
5,ਇੰਜਣ,इंजन,N,en-US-AvaMultilingualNeural,fast,0.9,synthetic_tts_dataset\6 ਇੰਜਣ N\tts_en_US_Ava_fast.wav
5,ਇੰਜਣ,इंजन,N,en-US-AndrewMultilingualNeural,normal,1.0,synthetic_tts_dataset\6 ਇੰਜਣ N\tts_en_US_Andrew_normal.wav
5,ਇੰਜਣ,इंजन,N,en-US-AndrewMultilingualNeural,slow,1.12,synthetic_tts_dataset\6 ਇੰਜਣ N\tts_en_US_Andrew_slow.wav
5,ਇੰਜਣ,इंजन,N,en-US-AndrewMultilingualNeural,fast,0.9,synthetic_tts_dataset\6 ਇੰਜਣ N\tts_en_US_Andrew_fast.wav
5,ਇੰਜਣ,इंजन,N,en-US-BrianMultilingualNeural,normal,1.0,synthetic_tts_dataset\6 ਇੰਜਣ N\tts_en_US_Brian_normal.wav
5,ਇੰਜਣ,इंजन,N,en-US-BrianMultilingualNeural,slow,1.12,synthetic_tts_dataset\6 ਇੰਜਣ N\tts_en_US_Brian_slow.wav
5,ਇੰਜਣ,इंजन,N,en-US-BrianMultilingualNeural,fast,0.9,synthetic_tts_dataset\6 ਇੰਜਣ N\tts_en_US_Brian_fast.wav
5,ਇੰਜਣ,इंजन,N,en-AU-WilliamMultilingualNeural,normal,1.0,synthetic_tts_dataset\6 ਇੰਜਣ N\tts_en_AU_William_normal.wav
5,ਇੰਜਣ,इंजन,N,en-AU-WilliamMultilingualNeural,slow,1.12,synthetic_tts_dataset\6 ਇੰਜਣ N\tts_en_AU_William_slow.wav
5,ਇੰਜਣ,इंजन,N,en-AU-WilliamMultilingualNeural,fast,0.9,synthetic_tts_dataset\6 ਇੰਜਣ N\tts_en_AU_William_fast.wav
6,ਸੇਬ,सेब,N,en-US-EmmaMultilingualNeural,normal,1.0,synthetic_tts_dataset\7 ਸੇਬ N\tts_en_US_Emma_normal.wav
6,ਸੇਬ,सेब,N,en-US-EmmaMultilingualNeural,slow,1.12,synthetic_tts_dataset\7 ਸੇਬ N\tts_en_US_Emma_slow.wav
6,ਸੇਬ,सेब,N,en-US-EmmaMultilingualNeural,fast,0.9,synthetic_tts_dataset\7 ਸੇਬ N\tts_en_US_Emma_fast.wav
6,ਸੇਬ,सेब,N,en-US-AvaMultilingualNeural,normal,1.0,synthetic_tts_dataset\7 ਸੇਬ N\tts_en_US_Ava_normal.wav
6,ਸੇਬ,सेब,N,en-US-AvaMultilingualNeural,slow,1.12,synthetic_tts_dataset\7 ਸੇਬ N\tts_en_US_Ava_slow.wav
6,ਸੇਬ,सेब,N,en-US-AvaMultilingualNeural,fast,0.9,synthetic_tts_dataset\7 ਸੇਬ N\tts_en_US_Ava_fast.wav
6,ਸੇਬ,सेब,N,en-US-AndrewMultilingualNeural,normal,1.0,synthetic_tts_dataset\7 ਸੇਬ N\tts_en_US_Andrew_normal.wav
6,ਸੇਬ,सेब,N,en-US-AndrewMultilingualNeural,slow,1.12,synthetic_tts_dataset\7 ਸੇਬ N\tts_en_US_Andrew_slow.wav
6,ਸੇਬ,सेब,N,en-US-AndrewMultilingualNeural,fast,0.9,synthetic_tts_dataset\7 ਸੇਬ N\tts_en_US_Andrew_fast.wav
6,ਸੇਬ,सेब,N,en-US-BrianMultilingualNeural,normal,1.0,synthetic_tts_dataset\7 ਸੇਬ N\tts_en_US_Brian_normal.wav
6,ਸੇਬ,सेब,N,en-US-BrianMultilingualNeural,slow,1.12,synthetic_tts_dataset\7 ਸੇਬ N\tts_en_US_Brian_slow.wav
6,ਸੇਬ,सेब,N,en-US-BrianMultilingualNeural,fast,0.9,synthetic_tts_dataset\7 ਸੇਬ N\tts_en_US_Brian_fast.wav
6,ਸੇਬ,सेब,N,en-AU-WilliamMultilingualNeural,normal,1.0,synthetic_tts_dataset\7 ਸੇਬ N\tts_en_AU_William_normal.wav
6,ਸੇਬ,सेब,N,en-AU-WilliamMultilingualNeural,slow,1.12,synthetic_tts_dataset\7 ਸੇਬ N\tts_en_AU_William_slow.wav
6,ਸੇਬ,सेब,N,en-AU-WilliamMultilingualNeural,fast,0.9,synthetic_tts_dataset\7 ਸੇਬ N\tts_en_AU_William_fast.wav
7,ਹਾਥੀ,हाथी,N,en-US-EmmaMultilingualNeural,normal,1.0,synthetic_tts_dataset\8 ਹਾਥੀ N\tts_en_US_Emma_normal.wav
7,ਹਾਥੀ,हाथी,N,en-US-EmmaMultilingualNeural,slow,1.12,synthetic_tts_dataset\8 ਹਾਥੀ N\tts_en_US_Emma_slow.wav
7,ਹਾਥੀ,हाथी,N,en-US-EmmaMultilingualNeural,fast,0.9,synthetic_tts_dataset\8 ਹਾਥੀ N\tts_en_US_Emma_fast.wav
7,ਹਾਥੀ,हाथी,N,en-US-AvaMultilingualNeural,normal,1.0,synthetic_tts_dataset\8 ਹਾਥੀ N\tts_en_US_Ava_normal.wav
7,ਹਾਥੀ,हाथी,N,en-US-AvaMultilingualNeural,slow,1.12,synthetic_tts_dataset\8 ਹਾਥੀ N\tts_en_US_Ava_slow.wav
7,ਹਾਥੀ,हाथी,N,en-US-AvaMultilingualNeural,fast,0.9,synthetic_tts_dataset\8 ਹਾਥੀ N\tts_en_US_Ava_fast.wav
7,ਹਾਥੀ,हाथी,N,en-US-AndrewMultilingualNeural,normal,1.0,synthetic_tts_dataset\8 ਹਾਥੀ N\tts_en_US_Andrew_normal.wav
7,ਹਾਥੀ,हाथी,N,en-US-AndrewMultilingualNeural,slow,1.12,synthetic_tts_dataset\8 ਹਾਥੀ N\tts_en_US_Andrew_slow.wav
7,ਹਾਥੀ,हाथी,N,en-US-AndrewMultilingualNeural,fast,0.9,synthetic_tts_dataset\8 ਹਾਥੀ N\tts_en_US_Andrew_fast.wav
7,ਹਾਥੀ,हाथी,N,en-US-BrianMultilingualNeural,normal,1.0,synthetic_tts_dataset\8 ਹਾਥੀ N\tts_en_US_Brian_normal.wav
7,ਹਾਥੀ,हाथी,N,en-US-BrianMultilingualNeural,slow,1.12,synthetic_tts_dataset\8 ਹਾਥੀ N\tts_en_US_Brian_slow.wav
7,ਹਾਥੀ,हाथी,N,en-US-BrianMultilingualNeural,fast,0.9,synthetic_tts_dataset\8 ਹਾਥੀ N\tts_en_US_Brian_fast.wav
7,ਹਾਥੀ,हाथी,N,en-AU-WilliamMultilingualNeural,normal,1.0,synthetic_tts_dataset\8 ਹਾਥੀ N\tts_en_AU_William_normal.wav
7,ਹਾਥੀ,हाथी,N,en-AU-WilliamMultilingualNeural,slow,1.12,synthetic_tts_dataset\8 ਹਾਥੀ N\tts_en_AU_William_slow.wav
7,ਹਾਥੀ,हाथी,N,en-AU-WilliamMultilingualNeural,fast,0.9,synthetic_tts_dataset\8 ਹਾਥੀ N\tts_en_AU_William_fast.wav
8,ਹੱਥ,हथ,N,en-US-EmmaMultilingualNeural,normal,1.0,synthetic_tts_dataset\9 ਹੱਥ N\tts_en_US_Emma_normal.wav
8,ਹੱਥ,हथ,N,en-US-EmmaMultilingualNeural,slow,1.12,synthetic_tts_dataset\9 ਹੱਥ N\tts_en_US_Emma_slow.wav
8,ਹੱਥ,हथ,N,en-US-EmmaMultilingualNeural,fast,0.9,synthetic_tts_dataset\9 ਹੱਥ N\tts_en_US_Emma_fast.wav
8,ਹੱਥ,हथ,N,en-US-AvaMultilingualNeural,normal,1.0,synthetic_tts_dataset\9 ਹੱਥ N\tts_en_US_Ava_normal.wav
8,ਹੱਥ,हथ,N,en-US-AvaMultilingualNeural,slow,1.12,synthetic_tts_dataset\9 ਹੱਥ N\tts_en_US_Ava_slow.wav
8,ਹੱਥ,हथ,N,en-US-AvaMultilingualNeural,fast,0.9,synthetic_tts_dataset\9 ਹੱਥ N\tts_en_US_Ava_fast.wav
8,ਹੱਥ,हथ,N,en-US-AndrewMultilingualNeural,normal,1.0,synthetic_tts_dataset\9 ਹੱਥ N\tts_en_US_Andrew_normal.wav
8,ਹੱਥ,हथ,N,en-US-AndrewMultilingualNeural,slow,1.12,synthetic_tts_dataset\9 ਹੱਥ N\tts_en_US_Andrew_slow.wav
8,ਹੱਥ,हथ,N,en-US-AndrewMultilingualNeural,fast,0.9,synthetic_tts_dataset\9 ਹੱਥ N\tts_en_US_Andrew_fast.wav
8,ਹੱਥ,हथ,N,en-US-BrianMultilingualNeural,normal,1.0,synthetic_tts_dataset\9 ਹੱਥ N\tts_en_US_Brian_normal.wav
8,ਹੱਥ,हथ,N,en-US-BrianMultilingualNeural,slow,1.12,synthetic_tts_dataset\9 ਹੱਥ N\tts_en_US_Brian_slow.wav
8,ਹੱਥ,हथ,N,en-US-BrianMultilingualNeural,fast,0.9,synthetic_tts_dataset\9 ਹੱਥ N\tts_en_US_Brian_fast.wav
8,ਹੱਥ,हथ,N,en-AU-WilliamMultilingualNeural,normal,1.0,synthetic_tts_dataset\9 ਹੱਥ N\tts_en_AU_William_normal.wav
8,ਹੱਥ,हथ,N,en-AU-WilliamMultilingualNeural,slow,1.12,synthetic_tts_dataset\9 ਹੱਥ N\tts_en_AU_William_slow.wav
8,ਹੱਥ,हथ,N,en-AU-WilliamMultilingualNeural,fast,0.9,synthetic_tts_dataset\9 ਹੱਥ N\tts_en_AU_William_fast.wav
9,ਕੁਰਸੀ,कुरसी,N,en-US-EmmaMultilingualNeural,normal,1.0,synthetic_tts_dataset\10 ਕੁਰਸੀ N\tts_en_US_Emma_normal.wav
9,ਕੁਰਸੀ,कुरसी,N,en-US-EmmaMultilingualNeural,slow,1.12,synthetic_tts_dataset\10 ਕੁਰਸੀ N\tts_en_US_Emma_slow.wav
9,ਕੁਰਸੀ,कुरसी,N,en-US-EmmaMultilingualNeural,fast,0.9,synthetic_tts_dataset\10 ਕੁਰਸੀ N\tts_en_US_Emma_fast.wav
9,ਕੁਰਸੀ,कुरसी,N,en-US-AvaMultilingualNeural,normal,1.0,synthetic_tts_dataset\10 ਕੁਰਸੀ N\tts_en_US_Ava_normal.wav
9,ਕੁਰਸੀ,कुरसी,N,en-US-AvaMultilingualNeural,slow,1.12,synthetic_tts_dataset\10 ਕੁਰਸੀ N\tts_en_US_Ava_slow.wav
9,ਕੁਰਸੀ,कुरसी,N,en-US-AvaMultilingualNeural,fast,0.9,synthetic_tts_dataset\10 ਕੁਰਸੀ N\tts_en_US_Ava_fast.wav
9,ਕੁਰਸੀ,कुरसी,N,en-US-AndrewMultilingualNeural,normal,1.0,synthetic_tts_dataset\10 ਕੁਰਸੀ N\tts_en_US_Andrew_normal.wav
9,ਕੁਰਸੀ,कुरसी,N,en-US-AndrewMultilingualNeural,slow,1.12,synthetic_tts_dataset\10 ਕੁਰਸੀ N\tts_en_US_Andrew_slow.wav
9,ਕੁਰਸੀ,कुरसी,N,en-US-AndrewMultilingualNeural,fast,0.9,synthetic_tts_dataset\10 ਕੁਰਸੀ N\tts_en_US_Andrew_fast.wav
9,ਕੁਰਸੀ,कुरसी,N,en-US-BrianMultilingualNeural,normal,1.0,synthetic_tts_dataset\10 ਕੁਰਸੀ N\tts_en_US_Brian_normal.wav
9,ਕੁਰਸੀ,कुरसी,N,en-US-BrianMultilingualNeural,slow,1.12,synthetic_tts_dataset\10 ਕੁਰਸੀ N\tts_en_US_Brian_slow.wav
9,ਕੁਰਸੀ,कुरसी,N,en-US-BrianMultilingualNeural,fast,0.9,synthetic_tts_dataset\10 ਕੁਰਸੀ N\tts_en_US_Brian_fast.wav
9,ਕੁਰਸੀ,कुरसी,N,en-AU-WilliamMultilingualNeural,normal,1.0,synthetic_tts_dataset\10 ਕੁਰਸੀ N\tts_en_AU_William_normal.wav
9,ਕੁਰਸੀ,कुरसी,N,en-AU-WilliamMultilingualNeural,slow,1.12,synthetic_tts_dataset\10 ਕੁਰਸੀ N\tts_en_AU_William_slow.wav
9,ਕੁਰਸੀ,कुरसी,N,en-AU-WilliamMultilingualNeural,fast,0.9,synthetic_tts_dataset\10 ਕੁਰਸੀ N\tts_en_AU_William_fast.wav
10,ਕਾਰ,कार,N,en-US-EmmaMultilingualNeural,normal,1.0,synthetic_tts_dataset\11 ਕਾਰ N\tts_en_US_Emma_normal.wav
10,ਕਾਰ,कार,N,en-US-EmmaMultilingualNeural,slow,1.12,synthetic_tts_dataset\11 ਕਾਰ N\tts_en_US_Emma_slow.wav
10,ਕਾਰ,कार,N,en-US-EmmaMultilingualNeural,fast,0.9,synthetic_tts_dataset\11 ਕਾਰ N\tts_en_US_Emma_fast.wav
10,ਕਾਰ,कार,N,en-US-AvaMultilingualNeural,normal,1.0,synthetic_tts_dataset\11 ਕਾਰ N\tts_en_US_Ava_normal.wav
10,ਕਾਰ,कार,N,en-US-AvaMultilingualNeural,slow,1.12,synthetic_tts_dataset\11 ਕਾਰ N\tts_en_US_Ava_slow.wav
10,ਕਾਰ,कार,N,en-US-AvaMultilingualNeural,fast,0.9,synthetic_tts_dataset\11 ਕਾਰ N\tts_en_US_Ava_fast.wav
10,ਕਾਰ,कार,N,en-US-AndrewMultilingualNeural,normal,1.0,synthetic_tts_dataset\11 ਕਾਰ N\tts_en_US_Andrew_normal.wav
10,ਕਾਰ,कार,N,en-US-AndrewMultilingualNeural,slow,1.12,synthetic_tts_dataset\11 ਕਾਰ N\tts_en_US_Andrew_slow.wav
10,ਕਾਰ,कार,N,en-US-AndrewMultilingualNeural,fast,0.9,synthetic_tts_dataset\11 ਕਾਰ N\tts_en_US_Andrew_fast.wav
10,ਕਾਰ,कार,N,en-US-BrianMultilingualNeural,normal,1.0,synthetic_tts_dataset\11 ਕਾਰ N\tts_en_US_Brian_normal.wav
10,ਕਾਰ,कार,N,en-US-BrianMultilingualNeural,slow,1.12,synthetic_tts_dataset\11 ਕਾਰ N\tts_en_US_Brian_slow.wav
10,ਕਾਰ,कार,N,en-US-BrianMultilingualNeural,fast,0.9,synthetic_tts_dataset\11 ਕਾਰ N\tts_en_US_Brian_fast.wav
10,ਕਾਰ,कार,N,en-AU-WilliamMultilingualNeural,normal,1.0,synthetic_tts_dataset\11 ਕਾਰ N\tts_en_AU_William_normal.wav
10,ਕਾਰ,कार,N,en-AU-WilliamMultilingualNeural,slow,1.12,synthetic_tts_dataset\11 ਕਾਰ N\tts_en_AU_William_slow.wav
10,ਕਾਰ,कार,N,en-AU-WilliamMultilingualNeural,fast,0.9,synthetic_tts_dataset\11 ਕਾਰ N\tts_en_AU_William_fast.wav
11,ਖੰਭ,खंभ,N,en-US-EmmaMultilingualNeural,normal,1.0,synthetic_tts_dataset\12 ਖੰਭ N\tts_en_US_Emma_normal.wav
11,ਖੰਭ,खंभ,N,en-US-EmmaMultilingualNeural,slow,1.12,synthetic_tts_dataset\12 ਖੰਭ N\tts_en_US_Emma_slow.wav
11,ਖੰਭ,खंभ,N,en-US-EmmaMultilingualNeural,fast,0.9,synthetic_tts_dataset\12 ਖੰਭ N\tts_en_US_Emma_fast.wav
11,ਖੰਭ,खंभ,N,en-US-AvaMultilingualNeural,normal,1.0,synthetic_tts_dataset\12 ਖੰਭ N\tts_en_US_Ava_normal.wav
11,ਖੰਭ,खंभ,N,en-US-AvaMultilingualNeural,slow,1.12,synthetic_tts_dataset\12 ਖੰਭ N\tts_en_US_Ava_slow.wav
11,ਖੰਭ,खंभ,N,en-US-AvaMultilingualNeural,fast,0.9,synthetic_tts_dataset\12 ਖੰਭ N\tts_en_US_Ava_fast.wav
11,ਖੰਭ,खंभ,N,en-US-AndrewMultilingualNeural,normal,1.0,synthetic_tts_dataset\12 ਖੰਭ N\tts_en_US_Andrew_normal.wav
11,ਖੰਭ,खंभ,N,en-US-AndrewMultilingualNeural,slow,1.12,synthetic_tts_dataset\12 ਖੰਭ N\tts_en_US_Andrew_slow.wav
11,ਖੰਭ,खंभ,N,en-US-AndrewMultilingualNeural,fast,0.9,synthetic_tts_dataset\12 ਖੰਭ N\tts_en_US_Andrew_fast.wav
11,ਖੰਭ,खंभ,N,en-US-BrianMultilingualNeural,normal,1.0,synthetic_tts_dataset\12 ਖੰਭ N\tts_en_US_Brian_normal.wav
11,ਖੰਭ,खंभ,N,en-US-BrianMultilingualNeural,slow,1.12,synthetic_tts_dataset\12 ਖੰਭ N\tts_en_US_Brian_slow.wav
11,ਖੰਭ,खंभ,N,en-US-BrianMultilingualNeural,fast,0.9,synthetic_tts_dataset\12 ਖੰਭ N\tts_en_US_Brian_fast.wav
11,ਖੰਭ,खंभ,N,en-AU-WilliamMultilingualNeural,normal,1.0,synthetic_tts_dataset\12 ਖੰਭ N\tts_en_AU_William_normal.wav
11,ਖੰਭ,खंभ,N,en-AU-WilliamMultilingualNeural,slow,1.12,synthetic_tts_dataset\12 ਖੰਭ N\tts_en_AU_William_slow.wav
11,ਖੰਭ,खंभ,N,en-AU-WilliamMultilingualNeural,fast,0.9,synthetic_tts_dataset\12 ਖੰਭ N\tts_en_AU_William_fast.wav
12,ਖੁਰਪਾ,खुरपा,N,en-US-EmmaMultilingualNeural,normal,1.0,synthetic_tts_dataset\13 ਖੁਰਪਾ N\tts_en_US_Emma_normal.wav
12,ਖੁਰਪਾ,खुरपा,N,en-US-EmmaMultilingualNeural,slow,1.12,synthetic_tts_dataset\13 ਖੁਰਪਾ N\tts_en_US_Emma_slow.wav
12,ਖੁਰਪਾ,खुरपा,N,en-US-EmmaMultilingualNeural,fast,0.9,synthetic_tts_dataset\13 ਖੁਰਪਾ N\tts_en_US_Emma_fast.wav
12,ਖੁਰਪਾ,खुरपा,N,en-US-AvaMultilingualNeural,normal,1.0,synthetic_tts_dataset\13 ਖੁਰਪਾ N\tts_en_US_Ava_normal.wav
12,ਖੁਰਪਾ,खुरपा,N,en-US-AvaMultilingualNeural,slow,1.12,synthetic_tts_dataset\13 ਖੁਰਪਾ N\tts_en_US_Ava_slow.wav
12,ਖੁਰਪਾ,खुरपा,N,en-US-AvaMultilingualNeural,fast,0.9,synthetic_tts_dataset\13 ਖੁਰਪਾ N\tts_en_US_Ava_fast.wav
12,ਖੁਰਪਾ,खुरपा,N,en-US-AndrewMultilingualNeural,normal,1.0,synthetic_tts_dataset\13 ਖੁਰਪਾ N\tts_en_US_Andrew_normal.wav
12,ਖੁਰਪਾ,खुरपा,N,en-US-AndrewMultilingualNeural,slow,1.12,synthetic_tts_dataset\13 ਖੁਰਪਾ N\tts_en_US_Andrew_slow.wav
12,ਖੁਰਪਾ,खुरपा,N,en-US-AndrewMultilingualNeural,fast,0.9,synthetic_tts_dataset\13 ਖੁਰਪਾ N\tts_en_US_Andrew_fast.wav
12,ਖੁਰਪਾ,खुरपा,N,en-US-BrianMultilingualNeural,normal,1.0,synthetic_tts_dataset\13 ਖੁਰਪਾ N\tts_en_US_Brian_normal.wav
12,ਖੁਰਪਾ,खुरपा,N,en-US-BrianMultilingualNeural,slow,1.12,synthetic_tts_dataset\13 ਖੁਰਪਾ N\tts_en_US_Brian_slow.wav
12,ਖੁਰਪਾ,खुरपा,N,en-US-BrianMultilingualNeural,fast,0.9,synthetic_tts_dataset\13 ਖੁਰਪਾ N\tts_en_US_Brian_fast.wav
12,ਖੁਰਪਾ,खुरपा,N,en-AU-WilliamMultilingualNeural,normal,1.0,synthetic_tts_dataset\13 ਖੁਰਪਾ N\tts_en_AU_William_normal.wav
12,ਖੁਰਪਾ,खुरपा,N,en-AU-WilliamMultilingualNeural,slow,1.12,synthetic_tts_dataset\13 ਖੁਰਪਾ N\tts_en_AU_William_slow.wav
12,ਖੁਰਪਾ,खुरपा,N,en-AU-WilliamMultilingualNeural,fast,0.9,synthetic_tts_dataset\13 ਖੁਰਪਾ N\tts_en_AU_William_fast.wav
13,ਗਮਲਾ,गमला,N,en-US-EmmaMultilingualNeural,normal,1.0,synthetic_tts_dataset\14 ਗਮਲਾ N\tts_en_US_Emma_normal.wav
13,ਗਮਲਾ,गमला,N,en-US-EmmaMultilingualNeural,slow,1.12,synthetic_tts_dataset\14 ਗਮਲਾ N\tts_en_US_Emma_slow.wav
13,ਗਮਲਾ,गमला,N,en-US-EmmaMultilingualNeural,fast,0.9,synthetic_tts_dataset\14 ਗਮਲਾ N\tts_en_US_Emma_fast.wav
13,ਗਮਲਾ,गमला,N,en-US-AvaMultilingualNeural,normal,1.0,synthetic_tts_dataset\14 ਗਮਲਾ N\tts_en_US_Ava_normal.wav
13,ਗਮਲਾ,गमला,N,en-US-AvaMultilingualNeural,slow,1.12,synthetic_tts_dataset\14 ਗਮਲਾ N\tts_en_US_Ava_slow.wav
13,ਗਮਲਾ,गमला,N,en-US-AvaMultilingualNeural,fast,0.9,synthetic_tts_dataset\14 ਗਮਲਾ N\tts_en_US_Ava_fast.wav
13,ਗਮਲਾ,गमला,N,en-US-AndrewMultilingualNeural,normal,1.0,synthetic_tts_dataset\14 ਗਮਲਾ N\tts_en_US_Andrew_normal.wav
13,ਗਮਲਾ,गमला,N,en-US-AndrewMultilingualNeural,slow,1.12,synthetic_tts_dataset\14 ਗਮਲਾ N\tts_en_US_Andrew_slow.wav
13,ਗਮਲਾ,गमला,N,en-US-AndrewMultilingualNeural,fast,0.9,synthetic_tts_dataset\14 ਗਮਲਾ N\tts_en_US_Andrew_fast.wav
13,ਗਮਲਾ,गमला,N,en-US-BrianMultilingualNeural,normal,1.0,synthetic_tts_dataset\14 ਗਮਲਾ N\tts_en_US_Brian_normal.wav
13,ਗਮਲਾ,गमला,N,en-US-BrianMultilingualNeural,slow,1.12,synthetic_tts_dataset\14 ਗਮਲਾ N\tts_en_US_Brian_slow.wav
13,ਗਮਲਾ,गमला,N,en-US-BrianMultilingualNeural,fast,0.9,synthetic_tts_dataset\14 ਗਮਲਾ N\tts_en_US_Brian_fast.wav
13,ਗਮਲਾ,गमला,N,en-AU-WilliamMultilingualNeural,normal,1.0,synthetic_tts_dataset\14 ਗਮਲਾ N\tts_en_AU_William_normal.wav
13,ਗਮਲਾ,गमला,N,en-AU-WilliamMultilingualNeural,slow,1.12,synthetic_tts_dataset\14 ਗਮਲਾ N\tts_en_AU_William_slow.wav
13,ਗਮਲਾ,गमला,N,en-AU-WilliamMultilingualNeural,fast,0.9,synthetic_tts_dataset\14 ਗਮਲਾ N\tts_en_AU_William_fast.wav
14,ਗਾਜਰ,गाजर,N,en-US-EmmaMultilingualNeural,normal,1.0,synthetic_tts_dataset\15 ਗਾਜਰ N\tts_en_US_Emma_normal.wav
14,ਗਾਜਰ,गाजर,N,en-US-EmmaMultilingualNeural,slow,1.12,synthetic_tts_dataset\15 ਗਾਜਰ N\tts_en_US_Emma_slow.wav
14,ਗਾਜਰ,गाजर,N,en-US-EmmaMultilingualNeural,fast,0.9,synthetic_tts_dataset\15 ਗਾਜਰ N\tts_en_US_Emma_fast.wav
14,ਗਾਜਰ,गाजर,N,en-US-AvaMultilingualNeural,normal,1.0,synthetic_tts_dataset\15 ਗਾਜਰ N\tts_en_US_Ava_normal.wav
14,ਗਾਜਰ,गाजर,N,en-US-AvaMultilingualNeural,slow,1.12,synthetic_tts_dataset\15 ਗਾਜਰ N\tts_en_US_Ava_slow.wav
14,ਗਾਜਰ,गाजर,N,en-US-AvaMultilingualNeural,fast,0.9,synthetic_tts_dataset\15 ਗਾਜਰ N\tts_en_US_Ava_fast.wav
14,ਗਾਜਰ,गाजर,N,en-US-AndrewMultilingualNeural,normal,1.0,synthetic_tts_dataset\15 ਗਾਜਰ N\tts_en_US_Andrew_normal.wav
14,ਗਾਜਰ,गाजर,N,en-US-AndrewMultilingualNeural,slow,1.12,synthetic_tts_dataset\15 ਗਾਜਰ N\tts_en_US_Andrew_slow.wav
14,ਗਾਜਰ,गाजर,N,en-US-AndrewMultilingualNeural,fast,0.9,synthetic_tts_dataset\15 ਗਾਜਰ N\tts_en_US_Andrew_fast.wav
14,ਗਾਜਰ,गाजर,N,en-US-BrianMultilingualNeural,normal,1.0,synthetic_tts_dataset\15 ਗਾਜਰ N\tts_en_US_Brian_normal.wav
14,ਗਾਜਰ,गाजर,N,en-US-BrianMultilingualNeural,slow,1.12,synthetic_tts_dataset\15 ਗਾਜਰ N\tts_en_US_Brian_slow.wav
14,ਗਾਜਰ,गाजर,N,en-US-BrianMultilingualNeural,fast,0.9,synthetic_tts_dataset\15 ਗਾਜਰ N\tts_en_US_Brian_fast.wav
14,ਗਾਜਰ,गाजर,N,en-AU-WilliamMultilingualNeural,normal,1.0,synthetic_tts_dataset\15 ਗਾਜਰ N\tts_en_AU_William_normal.wav
14,ਗਾਜਰ,गाजर,N,en-AU-WilliamMultilingualNeural,slow,1.12,synthetic_tts_dataset\15 ਗਾਜਰ N\tts_en_AU_William_slow.wav
14,ਗਾਜਰ,गाजर,N,en-AU-WilliamMultilingualNeural,fast,0.9,synthetic_tts_dataset\15 ਗਾਜਰ N\tts_en_AU_William_fast.wav
15,ਘੋੜਾ,घोड़ा,N,en-US-EmmaMultilingualNeural,normal,1.0,synthetic_tts_dataset\16 ਘੋੜਾ N\tts_en_US_Emma_normal.wav
15,ਘੋੜਾ,घोड़ा,N,en-US-EmmaMultilingualNeural,slow,1.12,synthetic_tts_dataset\16 ਘੋੜਾ N\tts_en_US_Emma_slow.wav
15,ਘੋੜਾ,घोड़ा,N,en-US-EmmaMultilingualNeural,fast,0.9,synthetic_tts_dataset\16 ਘੋੜਾ N\tts_en_US_Emma_fast.wav
15,ਘੋੜਾ,घोड़ा,N,en-US-AvaMultilingualNeural,normal,1.0,synthetic_tts_dataset\16 ਘੋੜਾ N\tts_en_US_Ava_normal.wav
15,ਘੋੜਾ,घोड़ा,N,en-US-AvaMultilingualNeural,slow,1.12,synthetic_tts_dataset\16 ਘੋੜਾ N\tts_en_US_Ava_slow.wav
15,ਘੋੜਾ,घोड़ा,N,en-US-AvaMultilingualNeural,fast,0.9,synthetic_tts_dataset\16 ਘੋੜਾ N\tts_en_US_Ava_fast.wav
15,ਘੋੜਾ,घोड़ा,N,en-US-AndrewMultilingualNeural,normal,1.0,synthetic_tts_dataset\16 ਘੋੜਾ N\tts_en_US_Andrew_normal.wav
15,ਘੋੜਾ,घोड़ा,N,en-US-AndrewMultilingualNeural,slow,1.12,synthetic_tts_dataset\16 ਘੋੜਾ N\tts_en_US_Andrew_slow.wav
15,ਘੋੜਾ,घोड़ा,N,en-US-AndrewMultilingualNeural,fast,0.9,synthetic_tts_dataset\16 ਘੋੜਾ N\tts_en_US_Andrew_fast.wav
15,ਘੋੜਾ,घोड़ा,N,en-US-BrianMultilingualNeural,normal,1.0,synthetic_tts_dataset\16 ਘੋੜਾ N\tts_en_US_Brian_normal.wav
15,ਘੋੜਾ,घोड़ा,N,en-US-BrianMultilingualNeural,slow,1.12,synthetic_tts_dataset\16 ਘੋੜਾ N\tts_en_US_Brian_slow.wav
15,ਘੋੜਾ,घोड़ा,N,en-US-BrianMultilingualNeural,fast,0.9,synthetic_tts_dataset\16 ਘੋੜਾ N\tts_en_US_Brian_fast.wav
15,ਘੋੜਾ,घोड़ा,N,en-AU-WilliamMultilingualNeural,normal,1.0,synthetic_tts_dataset\16 ਘੋੜਾ N\tts_en_AU_William_normal.wav
15,ਘੋੜਾ,घोड़ा,N,en-AU-WilliamMultilingualNeural,slow,1.12,synthetic_tts_dataset\16 ਘੋੜਾ N\tts_en_AU_William_slow.wav
15,ਘੋੜਾ,घोड़ा,N,en-AU-WilliamMultilingualNeural,fast,0.9,synthetic_tts_dataset\16 ਘੋੜਾ N\tts_en_AU_William_fast.wav
16,ਚਿੜੀ,चिड़ी,N,en-US-EmmaMultilingualNeural,normal,1.0,synthetic_tts_dataset\17 ਚਿੜੀ N\tts_en_US_Emma_normal.wav
16,ਚਿੜੀ,चिड़ी,N,en-US-EmmaMultilingualNeural,slow,1.12,synthetic_tts_dataset\17 ਚਿੜੀ N\tts_en_US_Emma_slow.wav
16,ਚਿੜੀ,चिड़ी,N,en-US-EmmaMultilingualNeural,fast,0.9,synthetic_tts_dataset\17 ਚਿੜੀ N\tts_en_US_Emma_fast.wav
16,ਚਿੜੀ,चिड़ी,N,en-US-AvaMultilingualNeural,normal,1.0,synthetic_tts_dataset\17 ਚਿੜੀ N\tts_en_US_Ava_normal.wav
16,ਚਿੜੀ,चिड़ी,N,en-US-AvaMultilingualNeural,slow,1.12,synthetic_tts_dataset\17 ਚਿੜੀ N\tts_en_US_Ava_slow.wav
16,ਚਿੜੀ,चिड़ी,N,en-US-AvaMultilingualNeural,fast,0.9,synthetic_tts_dataset\17 ਚਿੜੀ N\tts_en_US_Ava_fast.wav
16,ਚਿੜੀ,चिड़ी,N,en-US-AndrewMultilingualNeural,normal,1.0,synthetic_tts_dataset\17 ਚਿੜੀ N\tts_en_US_Andrew_normal.wav
16,ਚਿੜੀ,चिड़ी,N,en-US-AndrewMultilingualNeural,slow,1.12,synthetic_tts_dataset\17 ਚਿੜੀ N\tts_en_US_Andrew_slow.wav
16,ਚਿੜੀ,चिड़ी,N,en-US-AndrewMultilingualNeural,fast,0.9,synthetic_tts_dataset\17 ਚਿੜੀ N\tts_en_US_Andrew_fast.wav
16,ਚਿੜੀ,चिड़ी,N,en-US-BrianMultilingualNeural,normal,1.0,synthetic_tts_dataset\17 ਚਿੜੀ N\tts_en_US_Brian_normal.wav
16,ਚਿੜੀ,चिड़ी,N,en-US-BrianMultilingualNeural,slow,1.12,synthetic_tts_dataset\17 ਚਿੜੀ N\tts_en_US_Brian_slow.wav
16,ਚਿੜੀ,चिड़ी,N,en-US-BrianMultilingualNeural,fast,0.9,synthetic_tts_dataset\17 ਚਿੜੀ N\tts_en_US_Brian_fast.wav
16,ਚਿੜੀ,चिड़ी,N,en-AU-WilliamMultilingualNeural,normal,1.0,synthetic_tts_dataset\17 ਚਿੜੀ N\tts_en_AU_William_normal.wav
16,ਚਿੜੀ,चिड़ी,N,en-AU-WilliamMultilingualNeural,slow,1.12,synthetic_tts_dataset\17 ਚਿੜੀ N\tts_en_AU_William_slow.wav
16,ਚਿੜੀ,चिड़ी,N,en-AU-WilliamMultilingualNeural,fast,0.9,synthetic_tts_dataset\17 ਚਿੜੀ N\tts_en_AU_William_fast.wav
17,ਚਮਚਾ,चमचा,N,en-US-EmmaMultilingualNeural,normal,1.0,synthetic_tts_dataset\18 ਚਮਚਾ N\tts_en_US_Emma_normal.wav
17,ਚਮਚਾ,चमचा,N,en-US-EmmaMultilingualNeural,slow,1.12,synthetic_tts_dataset\18 ਚਮਚਾ N\tts_en_US_Emma_slow.wav
17,ਚਮਚਾ,चमचा,N,en-US-EmmaMultilingualNeural,fast,0.9,synthetic_tts_dataset\18 ਚਮਚਾ N\tts_en_US_Emma_fast.wav
17,ਚਮਚਾ,चमचा,N,en-US-AvaMultilingualNeural,normal,1.0,synthetic_tts_dataset\18 ਚਮਚਾ N\tts_en_US_Ava_normal.wav
17,ਚਮਚਾ,चमचा,N,en-US-AvaMultilingualNeural,slow,1.12,synthetic_tts_dataset\18 ਚਮਚਾ N\tts_en_US_Ava_slow.wav
17,ਚਮਚਾ,चमचा,N,en-US-AvaMultilingualNeural,fast,0.9,synthetic_tts_dataset\18 ਚਮਚਾ N\tts_en_US_Ava_fast.wav
17,ਚਮਚਾ,चमचा,N,en-US-AndrewMultilingualNeural,normal,1.0,synthetic_tts_dataset\18 ਚਮਚਾ N\tts_en_US_Andrew_normal.wav
17,ਚਮਚਾ,चमचा,N,en-US-AndrewMultilingualNeural,slow,1.12,synthetic_tts_dataset\18 ਚਮਚਾ N\tts_en_US_Andrew_slow.wav
17,ਚਮਚਾ,चमचा,N,en-US-AndrewMultilingualNeural,fast,0.9,synthetic_tts_dataset\18 ਚਮਚਾ N\tts_en_US_Andrew_fast.wav
17,ਚਮਚਾ,चमचा,N,en-US-BrianMultilingualNeural,normal,1.0,synthetic_tts_dataset\18 ਚਮਚਾ N\tts_en_US_Brian_normal.wav
17,ਚਮਚਾ,चमचा,N,en-US-BrianMultilingualNeural,slow,1.12,synthetic_tts_dataset\18 ਚਮਚਾ N\tts_en_US_Brian_slow.wav
17,ਚਮਚਾ,चमचा,N,en-US-BrianMultilingualNeural,fast,0.9,synthetic_tts_dataset\18 ਚਮਚਾ N\tts_en_US_Brian_fast.wav
17,ਚਮਚਾ,चमचा,N,en-AU-WilliamMultilingualNeural,normal,1.0,synthetic_tts_dataset\18 ਚਮਚਾ N\tts_en_AU_William_normal.wav
17,ਚਮਚਾ,चमचा,N,en-AU-WilliamMultilingualNeural,slow,1.12,synthetic_tts_dataset\18 ਚਮਚਾ N\tts_en_AU_William_slow.wav
17,ਚਮਚਾ,चमचा,N,en-AU-WilliamMultilingualNeural,fast,0.9,synthetic_tts_dataset\18 ਚਮਚਾ N\tts_en_AU_William_fast.wav
18,ਛਤਰੀ,छतरी,N,en-US-EmmaMultilingualNeural,normal,1.0,synthetic_tts_dataset\19 ਛਤਰੀ N\tts_en_US_Emma_normal.wav
18,ਛਤਰੀ,छतरी,N,en-US-EmmaMultilingualNeural,slow,1.12,synthetic_tts_dataset\19 ਛਤਰੀ N\tts_en_US_Emma_slow.wav
18,ਛਤਰੀ,छतरी,N,en-US-EmmaMultilingualNeural,fast,0.9,synthetic_tts_dataset\19 ਛਤਰੀ N\tts_en_US_Emma_fast.wav
18,ਛਤਰੀ,छतरी,N,en-US-AvaMultilingualNeural,normal,1.0,synthetic_tts_dataset\19 ਛਤਰੀ N\tts_en_US_Ava_normal.wav
18,ਛਤਰੀ,छतरी,N,en-US-AvaMultilingualNeural,slow,1.12,synthetic_tts_dataset\19 ਛਤਰੀ N\tts_en_US_Ava_slow.wav
18,ਛਤਰੀ,छतरी,N,en-US-AvaMultilingualNeural,fast,0.9,synthetic_tts_dataset\19 ਛਤਰੀ N\tts_en_US_Ava_fast.wav
18,ਛਤਰੀ,छतरी,N,en-US-AndrewMultilingualNeural,normal,1.0,synthetic_tts_dataset\19 ਛਤਰੀ N\tts_en_US_Andrew_normal.wav
18,ਛਤਰੀ,छतरी,N,en-US-AndrewMultilingualNeural,slow,1.12,synthetic_tts_dataset\19 ਛਤਰੀ N\tts_en_US_Andrew_slow.wav
18,ਛਤਰੀ,छतरी,N,en-US-AndrewMultilingualNeural,fast,0.9,synthetic_tts_dataset\19 ਛਤਰੀ N\tts_en_US_Andrew_fast.wav
18,ਛਤਰੀ,छतरी,N,en-US-BrianMultilingualNeural,normal,1.0,synthetic_tts_dataset\19 ਛਤਰੀ N\tts_en_US_Brian_normal.wav
18,ਛਤਰੀ,छतरी,N,en-US-BrianMultilingualNeural,slow,1.12,synthetic_tts_dataset\19 ਛਤਰੀ N\tts_en_US_Brian_slow.wav
18,ਛਤਰੀ,छतरी,N,en-US-BrianMultilingualNeural,fast,0.9,synthetic_tts_dataset\19 ਛਤਰੀ N\tts_en_US_Brian_fast.wav
18,ਛਤਰੀ,छतरी,N,en-AU-WilliamMultilingualNeural,normal,1.0,synthetic_tts_dataset\19 ਛਤਰੀ N\tts_en_AU_William_normal.wav
18,ਛਤਰੀ,छतरी,N,en-AU-WilliamMultilingualNeural,slow,1.12,synthetic_tts_dataset\19 ਛਤਰੀ N\tts_en_AU_William_slow.wav
18,ਛਤਰੀ,छतरी,N,en-AU-WilliamMultilingualNeural,fast,0.9,synthetic_tts_dataset\19 ਛਤਰੀ N\tts_en_AU_William_fast.wav
19,ਛੱਲੀ,छल्ली,N,en-US-EmmaMultilingualNeural,normal,1.0,synthetic_tts_dataset\20 ਛੱਲੀ N\tts_en_US_Emma_normal.wav
19,ਛੱਲੀ,छल्ली,N,en-US-EmmaMultilingualNeural,slow,1.12,synthetic_tts_dataset\20 ਛੱਲੀ N\tts_en_US_Emma_slow.wav
19,ਛੱਲੀ,छल्ली,N,en-US-EmmaMultilingualNeural,fast,0.9,synthetic_tts_dataset\20 ਛੱਲੀ N\tts_en_US_Emma_fast.wav
19,ਛੱਲੀ,छल्ली,N,en-US-AvaMultilingualNeural,normal,1.0,synthetic_tts_dataset\20 ਛੱਲੀ N\tts_en_US_Ava_normal.wav
19,ਛੱਲੀ,छल्ली,N,en-US-AvaMultilingualNeural,slow,1.12,synthetic_tts_dataset\20 ਛੱਲੀ N\tts_en_US_Ava_slow.wav
19,ਛੱਲੀ,छल्ली,N,en-US-AvaMultilingualNeural,fast,0.9,synthetic_tts_dataset\20 ਛੱਲੀ N\tts_en_US_Ava_fast.wav
19,ਛੱਲੀ,छल्ली,N,en-US-AndrewMultilingualNeural,normal,1.0,synthetic_tts_dataset\20 ਛੱਲੀ N\tts_en_US_Andrew_normal.wav
19,ਛੱਲੀ,छल्ली,N,en-US-AndrewMultilingualNeural,slow,1.12,synthetic_tts_dataset\20 ਛੱਲੀ N\tts_en_US_Andrew_slow.wav
19,ਛੱਲੀ,छल्ली,N,en-US-AndrewMultilingualNeural,fast,0.9,synthetic_tts_dataset\20 ਛੱਲੀ N\tts_en_US_Andrew_fast.wav
19,ਛੱਲੀ,छल्ली,N,en-US-BrianMultilingualNeural,normal,1.0,synthetic_tts_dataset\20 ਛੱਲੀ N\tts_en_US_Brian_normal.wav
19,ਛੱਲੀ,छल्ली,N,en-US-BrianMultilingualNeural,slow,1.12,synthetic_tts_dataset\20 ਛੱਲੀ N\tts_en_US_Brian_slow.wav
19,ਛੱਲੀ,छल्ली,N,en-US-BrianMultilingualNeural,fast,0.9,synthetic_tts_dataset\20 ਛੱਲੀ N\tts_en_US_Brian_fast.wav
19,ਛੱਲੀ,छल्ली,N,en-AU-WilliamMultilingualNeural,normal,1.0,synthetic_tts_dataset\20 ਛੱਲੀ N\tts_en_AU_William_normal.wav
19,ਛੱਲੀ,छल्ली,N,en-AU-WilliamMultilingualNeural,slow,1.12,synthetic_tts_dataset\20 ਛੱਲੀ N\tts_en_AU_William_slow.wav
19,ਛੱਲੀ,छल्ली,N,en-AU-WilliamMultilingualNeural,fast,0.9,synthetic_tts_dataset\20 ਛੱਲੀ N\tts_en_AU_William_fast.wav
20,ਜੱਗ,जग,N,en-US-EmmaMultilingualNeural,normal,1.0,synthetic_tts_dataset\21 ਜੱਗ N\tts_en_US_Emma_normal.wav
20,ਜੱਗ,जग,N,en-US-EmmaMultilingualNeural,slow,1.12,synthetic_tts_dataset\21 ਜੱਗ N\tts_en_US_Emma_slow.wav
20,ਜੱਗ,जग,N,en-US-EmmaMultilingualNeural,fast,0.9,synthetic_tts_dataset\21 ਜੱਗ N\tts_en_US_Emma_fast.wav
20,ਜੱਗ,जग,N,en-US-AvaMultilingualNeural,normal,1.0,synthetic_tts_dataset\21 ਜੱਗ N\tts_en_US_Ava_normal.wav
20,ਜੱਗ,जग,N,en-US-AvaMultilingualNeural,slow,1.12,synthetic_tts_dataset\21 ਜੱਗ N\tts_en_US_Ava_slow.wav
20,ਜੱਗ,जग,N,en-US-AvaMultilingualNeural,fast,0.9,synthetic_tts_dataset\21 ਜੱਗ N\tts_en_US_Ava_fast.wav
20,ਜੱਗ,जग,N,en-US-AndrewMultilingualNeural,normal,1.0,synthetic_tts_dataset\21 ਜੱਗ N\tts_en_US_Andrew_normal.wav
20,ਜੱਗ,जग,N,en-US-AndrewMultilingualNeural,slow,1.12,synthetic_tts_dataset\21 ਜੱਗ N\tts_en_US_Andrew_slow.wav
20,ਜੱਗ,जग,N,en-US-AndrewMultilingualNeural,fast,0.9,synthetic_tts_dataset\21 ਜੱਗ N\tts_en_US_Andrew_fast.wav
20,ਜੱਗ,जग,N,en-US-BrianMultilingualNeural,normal,1.0,synthetic_tts_dataset\21 ਜੱਗ N\tts_en_US_Brian_normal.wav
20,ਜੱਗ,जग,N,en-US-BrianMultilingualNeural,slow,1.12,synthetic_tts_dataset\21 ਜੱਗ N\tts_en_US_Brian_slow.wav
20,ਜੱਗ,जग,N,en-US-BrianMultilingualNeural,fast,0.9,synthetic_tts_dataset\21 ਜੱਗ N\tts_en_US_Brian_fast.wav
20,ਜੱਗ,जग,N,en-AU-WilliamMultilingualNeural,normal,1.0,synthetic_tts_dataset\21 ਜੱਗ N\tts_en_AU_William_normal.wav
20,ਜੱਗ,जग,N,en-AU-WilliamMultilingualNeural,slow,1.12,synthetic_tts_dataset\21 ਜੱਗ N\tts_en_AU_William_slow.wav
20,ਜੱਗ,जग,N,en-AU-WilliamMultilingualNeural,fast,0.9,synthetic_tts_dataset\21 ਜੱਗ N\tts_en_AU_William_fast.wav
21,ਜੁੱਤੀ,जूती,N,en-US-EmmaMultilingualNeural,normal,1.0,synthetic_tts_dataset\22 ਜੁੱਤੀ N\tts_en_US_Emma_normal.wav
21,ਜੁੱਤੀ,जूती,N,en-US-EmmaMultilingualNeural,slow,1.12,synthetic_tts_dataset\22 ਜੁੱਤੀ N\tts_en_US_Emma_slow.wav
21,ਜੁੱਤੀ,जूती,N,en-US-EmmaMultilingualNeural,fast,0.9,synthetic_tts_dataset\22 ਜੁੱਤੀ N\tts_en_US_Emma_fast.wav
21,ਜੁੱਤੀ,जूती,N,en-US-AvaMultilingualNeural,normal,1.0,synthetic_tts_dataset\22 ਜੁੱਤੀ N\tts_en_US_Ava_normal.wav
21,ਜੁੱਤੀ,जूती,N,en-US-AvaMultilingualNeural,slow,1.12,synthetic_tts_dataset\22 ਜੁੱਤੀ N\tts_en_US_Ava_slow.wav
21,ਜੁੱਤੀ,जूती,N,en-US-AvaMultilingualNeural,fast,0.9,synthetic_tts_dataset\22 ਜੁੱਤੀ N\tts_en_US_Ava_fast.wav
21,ਜੁੱਤੀ,जूती,N,en-US-AndrewMultilingualNeural,normal,1.0,synthetic_tts_dataset\22 ਜੁੱਤੀ N\tts_en_US_Andrew_normal.wav
21,ਜੁੱਤੀ,जूती,N,en-US-AndrewMultilingualNeural,slow,1.12,synthetic_tts_dataset\22 ਜੁੱਤੀ N\tts_en_US_Andrew_slow.wav
21,ਜੁੱਤੀ,जूती,N,en-US-AndrewMultilingualNeural,fast,0.9,synthetic_tts_dataset\22 ਜੁੱਤੀ N\tts_en_US_Andrew_fast.wav
21,ਜੁੱਤੀ,जूती,N,en-US-BrianMultilingualNeural,normal,1.0,synthetic_tts_dataset\22 ਜੁੱਤੀ N\tts_en_US_Brian_normal.wav
21,ਜੁੱਤੀ,जूती,N,en-US-BrianMultilingualNeural,slow,1.12,synthetic_tts_dataset\22 ਜੁੱਤੀ N\tts_en_US_Brian_slow.wav
21,ਜੁੱਤੀ,जूती,N,en-US-BrianMultilingualNeural,fast,0.9,synthetic_tts_dataset\22 ਜੁੱਤੀ N\tts_en_US_Brian_fast.wav
21,ਜੁੱਤੀ,जूती,N,en-AU-WilliamMultilingualNeural,normal,1.0,synthetic_tts_dataset\22 ਜੁੱਤੀ N\tts_en_AU_William_normal.wav
21,ਜੁੱਤੀ,जूती,N,en-AU-WilliamMultilingualNeural,slow,1.12,synthetic_tts_dataset\22 ਜੁੱਤੀ N\tts_en_AU_William_slow.wav
21,ਜੁੱਤੀ,जूती,N,en-AU-WilliamMultilingualNeural,fast,0.9,synthetic_tts_dataset\22 ਜੁੱਤੀ N\tts_en_AU_William_fast.wav
22,ਝੰਡਾ,झंडा,N,en-US-EmmaMultilingualNeural,normal,1.0,synthetic_tts_dataset\23 ਝੰਡਾ N\tts_en_US_Emma_normal.wav
22,ਝੰਡਾ,झंडा,N,en-US-EmmaMultilingualNeural,slow,1.12,synthetic_tts_dataset\23 ਝੰਡਾ N\tts_en_US_Emma_slow.wav
22,ਝੰਡਾ,झंडा,N,en-US-EmmaMultilingualNeural,fast,0.9,synthetic_tts_dataset\23 ਝੰਡਾ N\tts_en_US_Emma_fast.wav
22,ਝੰਡਾ,झंडा,N,en-US-AvaMultilingualNeural,normal,1.0,synthetic_tts_dataset\23 ਝੰਡਾ N\tts_en_US_Ava_normal.wav
22,ਝੰਡਾ,झंडा,N,en-US-AvaMultilingualNeural,slow,1.12,synthetic_tts_dataset\23 ਝੰਡਾ N\tts_en_US_Ava_slow.wav
22,ਝੰਡਾ,झंडा,N,en-US-AvaMultilingualNeural,fast,0.9,synthetic_tts_dataset\23 ਝੰਡਾ N\tts_en_US_Ava_fast.wav
22,ਝੰਡਾ,झंडा,N,en-US-AndrewMultilingualNeural,normal,1.0,synthetic_tts_dataset\23 ਝੰਡਾ N\tts_en_US_Andrew_normal.wav
22,ਝੰਡਾ,झंडा,N,en-US-AndrewMultilingualNeural,slow,1.12,synthetic_tts_dataset\23 ਝੰਡਾ N\tts_en_US_Andrew_slow.wav
22,ਝੰਡਾ,झंडा,N,en-US-AndrewMultilingualNeural,fast,0.9,synthetic_tts_dataset\23 ਝੰਡਾ N\tts_en_US_Andrew_fast.wav
22,ਝੰਡਾ,झंडा,N,en-US-BrianMultilingualNeural,normal,1.0,synthetic_tts_dataset\23 ਝੰਡਾ N\tts_en_US_Brian_normal.wav
22,ਝੰਡਾ,झंडा,N,en-US-BrianMultilingualNeural,slow,1.12,synthetic_tts_dataset\23 ਝੰਡਾ N\tts_en_US_Brian_slow.wav
22,ਝੰਡਾ,झंडा,N,en-US-BrianMultilingualNeural,fast,0.9,synthetic_tts_dataset\23 ਝੰਡਾ N\tts_en_US_Brian_fast.wav
22,ਝੰਡਾ,झंडा,N,en-AU-WilliamMultilingualNeural,normal,1.0,synthetic_tts_dataset\23 ਝੰਡਾ N\tts_en_AU_William_normal.wav
22,ਝੰਡਾ,झंडा,N,en-AU-WilliamMultilingualNeural,slow,1.12,synthetic_tts_dataset\23 ਝੰਡਾ N\tts_en_AU_William_slow.wav
22,ਝੰਡਾ,झंडा,N,en-AU-WilliamMultilingualNeural,fast,0.9,synthetic_tts_dataset\23 ਝੰਡਾ N\tts_en_AU_William_fast.wav
23,ਝਾੜੂ,झाड़ू,N,en-US-EmmaMultilingualNeural,normal,1.0,synthetic_tts_dataset\24 ਝਾੜੂ N\tts_en_US_Emma_normal.wav
23,ਝਾੜੂ,झाड़ू,N,en-US-EmmaMultilingualNeural,slow,1.12,synthetic_tts_dataset\24 ਝਾੜੂ N\tts_en_US_Emma_slow.wav
23,ਝਾੜੂ,झाड़ू,N,en-US-EmmaMultilingualNeural,fast,0.9,synthetic_tts_dataset\24 ਝਾੜੂ N\tts_en_US_Emma_fast.wav
23,ਝਾੜੂ,झाड़ू,N,en-US-AvaMultilingualNeural,normal,1.0,synthetic_tts_dataset\24 ਝਾੜੂ N\tts_en_US_Ava_normal.wav
23,ਝਾੜੂ,झाड़ू,N,en-US-AvaMultilingualNeural,slow,1.12,synthetic_tts_dataset\24 ਝਾੜੂ N\tts_en_US_Ava_slow.wav
23,ਝਾੜੂ,झाड़ू,N,en-US-AvaMultilingualNeural,fast,0.9,synthetic_tts_dataset\24 ਝਾੜੂ N\tts_en_US_Ava_fast.wav
23,ਝਾੜੂ,झाड़ू,N,en-US-AndrewMultilingualNeural,normal,1.0,synthetic_tts_dataset\24 ਝਾੜੂ N\tts_en_US_Andrew_normal.wav
23,ਝਾੜੂ,झाड़ू,N,en-US-AndrewMultilingualNeural,slow,1.12,synthetic_tts_dataset\24 ਝਾੜੂ N\tts_en_US_Andrew_slow.wav
23,ਝਾੜੂ,झाड़ू,N,en-US-AndrewMultilingualNeural,fast,0.9,synthetic_tts_dataset\24 ਝਾੜੂ N\tts_en_US_Andrew_fast.wav
23,ਝਾੜੂ,झाड़ू,N,en-US-BrianMultilingualNeural,normal,1.0,synthetic_tts_dataset\24 ਝਾੜੂ N\tts_en_US_Brian_normal.wav
23,ਝਾੜੂ,झाड़ू,N,en-US-BrianMultilingualNeural,slow,1.12,synthetic_tts_dataset\24 ਝਾੜੂ N\tts_en_US_Brian_slow.wav
23,ਝਾੜੂ,झाड़ू,N,en-US-BrianMultilingualNeural,fast,0.9,synthetic_tts_dataset\24 ਝਾੜੂ N\tts_en_US_Brian_fast.wav
23,ਝਾੜੂ,झाड़ू,N,en-AU-WilliamMultilingualNeural,normal,1.0,synthetic_tts_dataset\24 ਝਾੜੂ N\tts_en_AU_William_normal.wav
23,ਝਾੜੂ,झाड़ू,N,en-AU-WilliamMultilingualNeural,slow,1.12,synthetic_tts_dataset\24 ਝਾੜੂ N\tts_en_AU_William_slow.wav
23,ਝਾੜੂ,झाड़ू,N,en-AU-WilliamMultilingualNeural,fast,0.9,synthetic_tts_dataset\24 ਝਾੜੂ N\tts_en_AU_William_fast.wav
24,ਟੱਲੀ,टली,N,en-US-EmmaMultilingualNeural,normal,1.0,synthetic_tts_dataset\25 ਟੱਲੀ N\tts_en_US_Emma_normal.wav
24,ਟੱਲੀ,टली,N,en-US-EmmaMultilingualNeural,slow,1.12,synthetic_tts_dataset\25 ਟੱਲੀ N\tts_en_US_Emma_slow.wav
24,ਟੱਲੀ,टली,N,en-US-EmmaMultilingualNeural,fast,0.9,synthetic_tts_dataset\25 ਟੱਲੀ N\tts_en_US_Emma_fast.wav
24,ਟੱਲੀ,टली,N,en-US-AvaMultilingualNeural,normal,1.0,synthetic_tts_dataset\25 ਟੱਲੀ N\tts_en_US_Ava_normal.wav
24,ਟੱਲੀ,टली,N,en-US-AvaMultilingualNeural,slow,1.12,synthetic_tts_dataset\25 ਟੱਲੀ N\tts_en_US_Ava_slow.wav
24,ਟੱਲੀ,टली,N,en-US-AvaMultilingualNeural,fast,0.9,synthetic_tts_dataset\25 ਟੱਲੀ N\tts_en_US_Ava_fast.wav
24,ਟੱਲੀ,टली,N,en-US-AndrewMultilingualNeural,normal,1.0,synthetic_tts_dataset\25 ਟੱਲੀ N\tts_en_US_Andrew_normal.wav
24,ਟੱਲੀ,टली,N,en-US-AndrewMultilingualNeural,slow,1.12,synthetic_tts_dataset\25 ਟੱਲੀ N\tts_en_US_Andrew_slow.wav
24,ਟੱਲੀ,टली,N,en-US-AndrewMultilingualNeural,fast,0.9,synthetic_tts_dataset\25 ਟੱਲੀ N\tts_en_US_Andrew_fast.wav
24,ਟੱਲੀ,टली,N,en-US-BrianMultilingualNeural,normal,1.0,synthetic_tts_dataset\25 ਟੱਲੀ N\tts_en_US_Brian_normal.wav
24,ਟੱਲੀ,टली,N,en-US-BrianMultilingualNeural,slow,1.12,synthetic_tts_dataset\25 ਟੱਲੀ N\tts_en_US_Brian_slow.wav
24,ਟੱਲੀ,टली,N,en-US-BrianMultilingualNeural,fast,0.9,synthetic_tts_dataset\25 ਟੱਲੀ N\tts_en_US_Brian_fast.wav
24,ਟੱਲੀ,टली,N,en-AU-WilliamMultilingualNeural,normal,1.0,synthetic_tts_dataset\25 ਟੱਲੀ N\tts_en_AU_William_normal.wav
24,ਟੱਲੀ,टली,N,en-AU-WilliamMultilingualNeural,slow,1.12,synthetic_tts_dataset\25 ਟੱਲੀ N\tts_en_AU_William_slow.wav
24,ਟੱਲੀ,टली,N,en-AU-WilliamMultilingualNeural,fast,0.9,synthetic_tts_dataset\25 ਟੱਲੀ N\tts_en_AU_William_fast.wav
25,ਠੇਲਾ,ठेला,N,en-US-EmmaMultilingualNeural,normal,1.0,synthetic_tts_dataset\26 ਠੇਲਾ N\tts_en_US_Emma_normal.wav
25,ਠੇਲਾ,ठेला,N,en-US-EmmaMultilingualNeural,slow,1.12,synthetic_tts_dataset\26 ਠੇਲਾ N\tts_en_US_Emma_slow.wav
25,ਠੇਲਾ,ठेला,N,en-US-EmmaMultilingualNeural,fast,0.9,synthetic_tts_dataset\26 ਠੇਲਾ N\tts_en_US_Emma_fast.wav
25,ਠੇਲਾ,ठेला,N,en-US-AvaMultilingualNeural,normal,1.0,synthetic_tts_dataset\26 ਠੇਲਾ N\tts_en_US_Ava_normal.wav
25,ਠੇਲਾ,ठेला,N,en-US-AvaMultilingualNeural,slow,1.12,synthetic_tts_dataset\26 ਠੇਲਾ N\tts_en_US_Ava_slow.wav
25,ਠੇਲਾ,ठेला,N,en-US-AvaMultilingualNeural,fast,0.9,synthetic_tts_dataset\26 ਠੇਲਾ N\tts_en_US_Ava_fast.wav
25,ਠੇਲਾ,ठेला,N,en-US-AndrewMultilingualNeural,normal,1.0,synthetic_tts_dataset\26 ਠੇਲਾ N\tts_en_US_Andrew_normal.wav
25,ਠੇਲਾ,ठेला,N,en-US-AndrewMultilingualNeural,slow,1.12,synthetic_tts_dataset\26 ਠੇਲਾ N\tts_en_US_Andrew_slow.wav
25,ਠੇਲਾ,ठेला,N,en-US-AndrewMultilingualNeural,fast,0.9,synthetic_tts_dataset\26 ਠੇਲਾ N\tts_en_US_Andrew_fast.wav
25,ਠੇਲਾ,ठेला,N,en-US-BrianMultilingualNeural,normal,1.0,synthetic_tts_dataset\26 ਠੇਲਾ N\tts_en_US_Brian_normal.wav
25,ਠੇਲਾ,ठेला,N,en-US-BrianMultilingualNeural,slow,1.12,synthetic_tts_dataset\26 ਠੇਲਾ N\tts_en_US_Brian_slow.wav
25,ਠੇਲਾ,ठेला,N,en-US-BrianMultilingualNeural,fast,0.9,synthetic_tts_dataset\26 ਠੇਲਾ N\tts_en_US_Brian_fast.wav
25,ਠੇਲਾ,ठेला,N,en-AU-WilliamMultilingualNeural,normal,1.0,synthetic_tts_dataset\26 ਠੇਲਾ N\tts_en_AU_William_normal.wav
25,ਠੇਲਾ,ठेला,N,en-AU-WilliamMultilingualNeural,slow,1.12,synthetic_tts_dataset\26 ਠੇਲਾ N\tts_en_AU_William_slow.wav
25,ਠੇਲਾ,ठेला,N,en-AU-WilliamMultilingualNeural,fast,0.9,synthetic_tts_dataset\26 ਠੇਲਾ N\tts_en_AU_William_fast.wav
26,ਠੋਡੀ,ठोड़ी,N,en-US-EmmaMultilingualNeural,normal,1.0,synthetic_tts_dataset\27 ਠੋਡੀ N\tts_en_US_Emma_normal.wav
26,ਠੋਡੀ,ठोड़ी,N,en-US-EmmaMultilingualNeural,slow,1.12,synthetic_tts_dataset\27 ਠੋਡੀ N\tts_en_US_Emma_slow.wav
26,ਠੋਡੀ,ठोड़ी,N,en-US-EmmaMultilingualNeural,fast,0.9,synthetic_tts_dataset\27 ਠੋਡੀ N\tts_en_US_Emma_fast.wav
26,ਠੋਡੀ,ठोड़ी,N,en-US-AvaMultilingualNeural,normal,1.0,synthetic_tts_dataset\27 ਠੋਡੀ N\tts_en_US_Ava_normal.wav
26,ਠੋਡੀ,ठोड़ी,N,en-US-AvaMultilingualNeural,slow,1.12,synthetic_tts_dataset\27 ਠੋਡੀ N\tts_en_US_Ava_slow.wav
26,ਠੋਡੀ,ठोड़ी,N,en-US-AvaMultilingualNeural,fast,0.9,synthetic_tts_dataset\27 ਠੋਡੀ N\tts_en_US_Ava_fast.wav
26,ਠੋਡੀ,ठोड़ी,N,en-US-AndrewMultilingualNeural,normal,1.0,synthetic_tts_dataset\27 ਠੋਡੀ N\tts_en_US_Andrew_normal.wav
26,ਠੋਡੀ,ठोड़ी,N,en-US-AndrewMultilingualNeural,slow,1.12,synthetic_tts_dataset\27 ਠੋਡੀ N\tts_en_US_Andrew_slow.wav
26,ਠੋਡੀ,ठोड़ी,N,en-US-AndrewMultilingualNeural,fast,0.9,synthetic_tts_dataset\27 ਠੋਡੀ N\tts_en_US_Andrew_fast.wav
26,ਠੋਡੀ,ठोड़ी,N,en-US-BrianMultilingualNeural,normal,1.0,synthetic_tts_dataset\27 ਠੋਡੀ N\tts_en_US_Brian_normal.wav
26,ਠੋਡੀ,ठोड़ी,N,en-US-BrianMultilingualNeural,slow,1.12,synthetic_tts_dataset\27 ਠੋਡੀ N\tts_en_US_Brian_slow.wav
26,ਠੋਡੀ,ठोड़ी,N,en-US-BrianMultilingualNeural,fast,0.9,synthetic_tts_dataset\27 ਠੋਡੀ N\tts_en_US_Brian_fast.wav
26,ਠੋਡੀ,ठोड़ी,N,en-AU-WilliamMultilingualNeural,normal,1.0,synthetic_tts_dataset\27 ਠੋਡੀ N\tts_en_AU_William_normal.wav
26,ਠੋਡੀ,ठोड़ी,N,en-AU-WilliamMultilingualNeural,slow,1.12,synthetic_tts_dataset\27 ਠੋਡੀ N\tts_en_AU_William_slow.wav
26,ਠੋਡੀ,ठोड़ी,N,en-AU-WilliamMultilingualNeural,fast,0.9,synthetic_tts_dataset\27 ਠੋਡੀ N\tts_en_AU_William_fast.wav
27,ਡੱਡੂ,डड्डू,N,en-US-EmmaMultilingualNeural,normal,1.0,synthetic_tts_dataset\28 ਡੱਡੂ N\tts_en_US_Emma_normal.wav
27,ਡੱਡੂ,डड्डू,N,en-US-EmmaMultilingualNeural,slow,1.12,synthetic_tts_dataset\28 ਡੱਡੂ N\tts_en_US_Emma_slow.wav
27,ਡੱਡੂ,डड्डू,N,en-US-EmmaMultilingualNeural,fast,0.9,synthetic_tts_dataset\28 ਡੱਡੂ N\tts_en_US_Emma_fast.wav
27,ਡੱਡੂ,डड्डू,N,en-US-AvaMultilingualNeural,normal,1.0,synthetic_tts_dataset\28 ਡੱਡੂ N\tts_en_US_Ava_normal.wav
27,ਡੱਡੂ,डड्डू,N,en-US-AvaMultilingualNeural,slow,1.12,synthetic_tts_dataset\28 ਡੱਡੂ N\tts_en_US_Ava_slow.wav
27,ਡੱਡੂ,डड्डू,N,en-US-AvaMultilingualNeural,fast,0.9,synthetic_tts_dataset\28 ਡੱਡੂ N\tts_en_US_Ava_fast.wav
27,ਡੱਡੂ,डड्डू,N,en-US-AndrewMultilingualNeural,normal,1.0,synthetic_tts_dataset\28 ਡੱਡੂ N\tts_en_US_Andrew_normal.wav
27,ਡੱਡੂ,डड्डू,N,en-US-AndrewMultilingualNeural,slow,1.12,synthetic_tts_dataset\28 ਡੱਡੂ N\tts_en_US_Andrew_slow.wav
27,ਡੱਡੂ,डड्डू,N,en-US-AndrewMultilingualNeural,fast,0.9,synthetic_tts_dataset\28 ਡੱਡੂ N\tts_en_US_Andrew_fast.wav
27,ਡੱਡੂ,डड्डू,N,en-US-BrianMultilingualNeural,normal,1.0,synthetic_tts_dataset\28 ਡੱਡੂ N\tts_en_US_Brian_normal.wav
27,ਡੱਡੂ,डड्डू,N,en-US-BrianMultilingualNeural,slow,1.12,synthetic_tts_dataset\28 ਡੱਡੂ N\tts_en_US_Brian_slow.wav
27,ਡੱਡੂ,डड्डू,N,en-US-BrianMultilingualNeural,fast,0.9,synthetic_tts_dataset\28 ਡੱਡੂ N\tts_en_US_Brian_fast.wav
27,ਡੱਡੂ,डड्डू,N,en-AU-WilliamMultilingualNeural,normal,1.0,synthetic_tts_dataset\28 ਡੱਡੂ N\tts_en_AU_William_normal.wav
27,ਡੱਡੂ,डड्डू,N,en-AU-WilliamMultilingualNeural,slow,1.12,synthetic_tts_dataset\28 ਡੱਡੂ N\tts_en_AU_William_slow.wav
27,ਡੱਡੂ,डड्डू,N,en-AU-WilliamMultilingualNeural,fast,0.9,synthetic_tts_dataset\28 ਡੱਡੂ N\tts_en_AU_William_fast.wav
28,ਡਮਰੂ,डमरू,N,en-US-EmmaMultilingualNeural,normal,1.0,synthetic_tts_dataset\29 ਡਮਰੂ N\tts_en_US_Emma_normal.wav
28,ਡਮਰੂ,डमरू,N,en-US-EmmaMultilingualNeural,slow,1.12,synthetic_tts_dataset\29 ਡਮਰੂ N\tts_en_US_Emma_slow.wav
28,ਡਮਰੂ,डमरू,N,en-US-EmmaMultilingualNeural,fast,0.9,synthetic_tts_dataset\29 ਡਮਰੂ N\tts_en_US_Emma_fast.wav
28,ਡਮਰੂ,डमरू,N,en-US-AvaMultilingualNeural,normal,1.0,synthetic_tts_dataset\29 ਡਮਰੂ N\tts_en_US_Ava_normal.wav
28,ਡਮਰੂ,डमरू,N,en-US-AvaMultilingualNeural,slow,1.12,synthetic_tts_dataset\29 ਡਮਰੂ N\tts_en_US_Ava_slow.wav
28,ਡਮਰੂ,डमरू,N,en-US-AvaMultilingualNeural,fast,0.9,synthetic_tts_dataset\29 ਡਮਰੂ N\tts_en_US_Ava_fast.wav
28,ਡਮਰੂ,डमरू,N,en-US-AndrewMultilingualNeural,normal,1.0,synthetic_tts_dataset\29 ਡਮਰੂ N\tts_en_US_Andrew_normal.wav
28,ਡਮਰੂ,डमरू,N,en-US-AndrewMultilingualNeural,slow,1.12,synthetic_tts_dataset\29 ਡਮਰੂ N\tts_en_US_Andrew_slow.wav
28,ਡਮਰੂ,डमरू,N,en-US-AndrewMultilingualNeural,fast,0.9,synthetic_tts_dataset\29 ਡਮਰੂ N\tts_en_US_Andrew_fast.wav
28,ਡਮਰੂ,डमरू,N,en-US-BrianMultilingualNeural,normal,1.0,synthetic_tts_dataset\29 ਡਮਰੂ N\tts_en_US_Brian_normal.wav
28,ਡਮਰੂ,डमरू,N,en-US-BrianMultilingualNeural,slow,1.12,synthetic_tts_dataset\29 ਡਮਰੂ N\tts_en_US_Brian_slow.wav
28,ਡਮਰੂ,डमरू,N,en-US-BrianMultilingualNeural,fast,0.9,synthetic_tts_dataset\29 ਡਮਰੂ N\tts_en_US_Brian_fast.wav
28,ਡਮਰੂ,डमरू,N,en-AU-WilliamMultilingualNeural,normal,1.0,synthetic_tts_dataset\29 ਡਮਰੂ N\tts_en_AU_William_normal.wav
28,ਡਮਰੂ,डमरू,N,en-AU-WilliamMultilingualNeural,slow,1.12,synthetic_tts_dataset\29 ਡਮਰੂ N\tts_en_AU_William_slow.wav
28,ਡਮਰੂ,डमरू,N,en-AU-WilliamMultilingualNeural,fast,0.9,synthetic_tts_dataset\29 ਡਮਰੂ N\tts_en_AU_William_fast.wav
29,ਢੋਲ,ढोल,N,en-US-EmmaMultilingualNeural,normal,1.0,synthetic_tts_dataset\30 ਢੋਲ N\tts_en_US_Emma_normal.wav
29,ਢੋਲ,ढोल,N,en-US-EmmaMultilingualNeural,slow,1.12,synthetic_tts_dataset\30 ਢੋਲ N\tts_en_US_Emma_slow.wav
29,ਢੋਲ,ढोल,N,en-US-EmmaMultilingualNeural,fast,0.9,synthetic_tts_dataset\30 ਢੋਲ N\tts_en_US_Emma_fast.wav
29,ਢੋਲ,ढोल,N,en-US-AvaMultilingualNeural,normal,1.0,synthetic_tts_dataset\30 ਢੋਲ N\tts_en_US_Ava_normal.wav
29,ਢੋਲ,ढोल,N,en-US-AvaMultilingualNeural,slow,1.12,synthetic_tts_dataset\30 ਢੋਲ N\tts_en_US_Ava_slow.wav
29,ਢੋਲ,ढोल,N,en-US-AvaMultilingualNeural,fast,0.9,synthetic_tts_dataset\30 ਢੋਲ N\tts_en_US_Ava_fast.wav
29,ਢੋਲ,ढोल,N,en-US-AndrewMultilingualNeural,normal,1.0,synthetic_tts_dataset\30 ਢੋਲ N\tts_en_US_Andrew_normal.wav
29,ਢੋਲ,ढोल,N,en-US-AndrewMultilingualNeural,slow,1.12,synthetic_tts_dataset\30 ਢੋਲ N\tts_en_US_Andrew_slow.wav
29,ਢੋਲ,ढोल,N,en-US-AndrewMultilingualNeural,fast,0.9,synthetic_tts_dataset\30 ਢੋਲ N\tts_en_US_Andrew_fast.wav
29,ਢੋਲ,ढोल,N,en-US-BrianMultilingualNeural,normal,1.0,synthetic_tts_dataset\30 ਢੋਲ N\tts_en_US_Brian_normal.wav
29,ਢੋਲ,ढोल,N,en-US-BrianMultilingualNeural,slow,1.12,synthetic_tts_dataset\30 ਢੋਲ N\tts_en_US_Brian_slow.wav
29,ਢੋਲ,ढोल,N,en-US-BrianMultilingualNeural,fast,0.9,synthetic_tts_dataset\30 ਢੋਲ N\tts_en_US_Brian_fast.wav
29,ਢੋਲ,ढोल,N,en-AU-WilliamMultilingualNeural,normal,1.0,synthetic_tts_dataset\30 ਢੋਲ N\tts_en_AU_William_normal.wav
29,ਢੋਲ,ढोल,N,en-AU-WilliamMultilingualNeural,slow,1.12,synthetic_tts_dataset\30 ਢੋਲ N\tts_en_AU_William_slow.wav
29,ਢੋਲ,ढोल,N,en-AU-WilliamMultilingualNeural,fast,0.9,synthetic_tts_dataset\30 ਢੋਲ N\tts_en_AU_William_fast.wav
30,ਢੱਕਣ,ढक्कन,N,en-US-EmmaMultilingualNeural,normal,1.0,synthetic_tts_dataset\31 ਢੱਕਣ N\tts_en_US_Emma_normal.wav
30,ਢੱਕਣ,ढक्कन,N,en-US-EmmaMultilingualNeural,slow,1.12,synthetic_tts_dataset\31 ਢੱਕਣ N\tts_en_US_Emma_slow.wav
30,ਢੱਕਣ,ढक्कन,N,en-US-EmmaMultilingualNeural,fast,0.9,synthetic_tts_dataset\31 ਢੱਕਣ N\tts_en_US_Emma_fast.wav
30,ਢੱਕਣ,ढक्कन,N,en-US-AvaMultilingualNeural,normal,1.0,synthetic_tts_dataset\31 ਢੱਕਣ N\tts_en_US_Ava_normal.wav
30,ਢੱਕਣ,ढक्कन,N,en-US-AvaMultilingualNeural,slow,1.12,synthetic_tts_dataset\31 ਢੱਕਣ N\tts_en_US_Ava_slow.wav
30,ਢੱਕਣ,ढक्कन,N,en-US-AvaMultilingualNeural,fast,0.9,synthetic_tts_dataset\31 ਢੱਕਣ N\tts_en_US_Ava_fast.wav
30,ਢੱਕਣ,ढक्कन,N,en-US-AndrewMultilingualNeural,normal,1.0,synthetic_tts_dataset\31 ਢੱਕਣ N\tts_en_US_Andrew_normal.wav
30,ਢੱਕਣ,ढक्कन,N,en-US-AndrewMultilingualNeural,slow,1.12,synthetic_tts_dataset\31 ਢੱਕਣ N\tts_en_US_Andrew_slow.wav
30,ਢੱਕਣ,ढक्कन,N,en-US-AndrewMultilingualNeural,fast,0.9,synthetic_tts_dataset\31 ਢੱਕਣ N\tts_en_US_Andrew_fast.wav
30,ਢੱਕਣ,ढक्कन,N,en-US-BrianMultilingualNeural,normal,1.0,synthetic_tts_dataset\31 ਢੱਕਣ N\tts_en_US_Brian_normal.wav
30,ਢੱਕਣ,ढक्कन,N,en-US-BrianMultilingualNeural,slow,1.12,synthetic_tts_dataset\31 ਢੱਕਣ N\tts_en_US_Brian_slow.wav
30,ਢੱਕਣ,ढक्कन,N,en-US-BrianMultilingualNeural,fast,0.9,synthetic_tts_dataset\31 ਢੱਕਣ N\tts_en_US_Brian_fast.wav
30,ਢੱਕਣ,ढक्कन,N,en-AU-WilliamMultilingualNeural,normal,1.0,synthetic_tts_dataset\31 ਢੱਕਣ N\tts_en_AU_William_normal.wav
30,ਢੱਕਣ,ढक्कन,N,en-AU-WilliamMultilingualNeural,slow,1.12,synthetic_tts_dataset\31 ਢੱਕਣ N\tts_en_AU_William_slow.wav
30,ਢੱਕਣ,ढक्कन,N,en-AU-WilliamMultilingualNeural,fast,0.9,synthetic_tts_dataset\31 ਢੱਕਣ N\tts_en_AU_William_fast.wav
31,ਸਾਬਣ,साबुन,N,en-US-EmmaMultilingualNeural,normal,1.0,synthetic_tts_dataset\32 ਸਾਬਣ N\tts_en_US_Emma_normal.wav
31,ਸਾਬਣ,साबुन,N,en-US-EmmaMultilingualNeural,slow,1.12,synthetic_tts_dataset\32 ਸਾਬਣ N\tts_en_US_Emma_slow.wav
31,ਸਾਬਣ,साबुन,N,en-US-EmmaMultilingualNeural,fast,0.9,synthetic_tts_dataset\32 ਸਾਬਣ N\tts_en_US_Emma_fast.wav
31,ਸਾਬਣ,साबुन,N,en-US-AvaMultilingualNeural,normal,1.0,synthetic_tts_dataset\32 ਸਾਬਣ N\tts_en_US_Ava_normal.wav
31,ਸਾਬਣ,साबुन,N,en-US-AvaMultilingualNeural,slow,1.12,synthetic_tts_dataset\32 ਸਾਬਣ N\tts_en_US_Ava_slow.wav
31,ਸਾਬਣ,साबुन,N,en-US-AvaMultilingualNeural,fast,0.9,synthetic_tts_dataset\32 ਸਾਬਣ N\tts_en_US_Ava_fast.wav
31,ਸਾਬਣ,साबुन,N,en-US-AndrewMultilingualNeural,normal,1.0,synthetic_tts_dataset\32 ਸਾਬਣ N\tts_en_US_Andrew_normal.wav
31,ਸਾਬਣ,साबुन,N,en-US-AndrewMultilingualNeural,slow,1.12,synthetic_tts_dataset\32 ਸਾਬਣ N\tts_en_US_Andrew_slow.wav
31,ਸਾਬਣ,साबुन,N,en-US-AndrewMultilingualNeural,fast,0.9,synthetic_tts_dataset\32 ਸਾਬਣ N\tts_en_US_Andrew_fast.wav
31,ਸਾਬਣ,साबुन,N,en-US-BrianMultilingualNeural,normal,1.0,synthetic_tts_dataset\32 ਸਾਬਣ N\tts_en_US_Brian_normal.wav
31,ਸਾਬਣ,साबुन,N,en-US-BrianMultilingualNeural,slow,1.12,synthetic_tts_dataset\32 ਸਾਬਣ N\tts_en_US_Brian_slow.wav
31,ਸਾਬਣ,साबुन,N,en-US-BrianMultilingualNeural,fast,0.9,synthetic_tts_dataset\32 ਸਾਬਣ N\tts_en_US_Brian_fast.wav
31,ਸਾਬਣ,साबुन,N,en-AU-WilliamMultilingualNeural,normal,1.0,synthetic_tts_dataset\32 ਸਾਬਣ N\tts_en_AU_William_normal.wav
31,ਸਾਬਣ,साबुन,N,en-AU-WilliamMultilingualNeural,slow,1.12,synthetic_tts_dataset\32 ਸਾਬਣ N\tts_en_AU_William_slow.wav
31,ਸਾਬਣ,साबुन,N,en-AU-WilliamMultilingualNeural,fast,0.9,synthetic_tts_dataset\32 ਸਾਬਣ N\tts_en_AU_William_fast.wav
32,ਤੀਰ,तीर,N,en-US-EmmaMultilingualNeural,normal,1.0,synthetic_tts_dataset\33 ਤੀਰ N\tts_en_US_Emma_normal.wav
32,ਤੀਰ,तीर,N,en-US-EmmaMultilingualNeural,slow,1.12,synthetic_tts_dataset\33 ਤੀਰ N\tts_en_US_Emma_slow.wav
32,ਤੀਰ,तीर,N,en-US-EmmaMultilingualNeural,fast,0.9,synthetic_tts_dataset\33 ਤੀਰ N\tts_en_US_Emma_fast.wav
32,ਤੀਰ,तीर,N,en-US-AvaMultilingualNeural,normal,1.0,synthetic_tts_dataset\33 ਤੀਰ N\tts_en_US_Ava_normal.wav
32,ਤੀਰ,तीर,N,en-US-AvaMultilingualNeural,slow,1.12,synthetic_tts_dataset\33 ਤੀਰ N\tts_en_US_Ava_slow.wav
32,ਤੀਰ,तीर,N,en-US-AvaMultilingualNeural,fast,0.9,synthetic_tts_dataset\33 ਤੀਰ N\tts_en_US_Ava_fast.wav
32,ਤੀਰ,तीर,N,en-US-AndrewMultilingualNeural,normal,1.0,synthetic_tts_dataset\33 ਤੀਰ N\tts_en_US_Andrew_normal.wav
32,ਤੀਰ,तीर,N,en-US-AndrewMultilingualNeural,slow,1.12,synthetic_tts_dataset\33 ਤੀਰ N\tts_en_US_Andrew_slow.wav
32,ਤੀਰ,तीर,N,en-US-AndrewMultilingualNeural,fast,0.9,synthetic_tts_dataset\33 ਤੀਰ N\tts_en_US_Andrew_fast.wav
32,ਤੀਰ,तीर,N,en-US-BrianMultilingualNeural,normal,1.0,synthetic_tts_dataset\33 ਤੀਰ N\tts_en_US_Brian_normal.wav
32,ਤੀਰ,तीर,N,en-US-BrianMultilingualNeural,slow,1.12,synthetic_tts_dataset\33 ਤੀਰ N\tts_en_US_Brian_slow.wav
32,ਤੀਰ,तीर,N,en-US-BrianMultilingualNeural,fast,0.9,synthetic_tts_dataset\33 ਤੀਰ N\tts_en_US_Brian_fast.wav
32,ਤੀਰ,तीर,N,en-AU-WilliamMultilingualNeural,normal,1.0,synthetic_tts_dataset\33 ਤੀਰ N\tts_en_AU_William_normal.wav
32,ਤੀਰ,तीर,N,en-AU-WilliamMultilingualNeural,slow,1.12,synthetic_tts_dataset\33 ਤੀਰ N\tts_en_AU_William_slow.wav
32,ਤੀਰ,तीर,N,en-AU-WilliamMultilingualNeural,fast,0.9,synthetic_tts_dataset\33 ਤੀਰ N\tts_en_AU_William_fast.wav
33,ਤਿਤਲੀ,तितली,N,en-US-EmmaMultilingualNeural,normal,1.0,synthetic_tts_dataset\34 ਤਿਤਲੀ N\tts_en_US_Emma_normal.wav
33,ਤਿਤਲੀ,तितली,N,en-US-EmmaMultilingualNeural,slow,1.12,synthetic_tts_dataset\34 ਤਿਤਲੀ N\tts_en_US_Emma_slow.wav
33,ਤਿਤਲੀ,तितली,N,en-US-EmmaMultilingualNeural,fast,0.9,synthetic_tts_dataset\34 ਤਿਤਲੀ N\tts_en_US_Emma_fast.wav
33,ਤਿਤਲੀ,तितली,N,en-US-AvaMultilingualNeural,normal,1.0,synthetic_tts_dataset\34 ਤਿਤਲੀ N\tts_en_US_Ava_normal.wav
33,ਤਿਤਲੀ,तितली,N,en-US-AvaMultilingualNeural,slow,1.12,synthetic_tts_dataset\34 ਤਿਤਲੀ N\tts_en_US_Ava_slow.wav
33,ਤਿਤਲੀ,तितली,N,en-US-AvaMultilingualNeural,fast,0.9,synthetic_tts_dataset\34 ਤਿਤਲੀ N\tts_en_US_Ava_fast.wav
33,ਤਿਤਲੀ,तितली,N,en-US-AndrewMultilingualNeural,normal,1.0,synthetic_tts_dataset\34 ਤਿਤਲੀ N\tts_en_US_Andrew_normal.wav
33,ਤਿਤਲੀ,तितली,N,en-US-AndrewMultilingualNeural,slow,1.12,synthetic_tts_dataset\34 ਤਿਤਲੀ N\tts_en_US_Andrew_slow.wav
33,ਤਿਤਲੀ,तितली,N,en-US-AndrewMultilingualNeural,fast,0.9,synthetic_tts_dataset\34 ਤਿਤਲੀ N\tts_en_US_Andrew_fast.wav
33,ਤਿਤਲੀ,तितली,N,en-US-BrianMultilingualNeural,normal,1.0,synthetic_tts_dataset\34 ਤਿਤਲੀ N\tts_en_US_Brian_normal.wav
33,ਤਿਤਲੀ,तितली,N,en-US-BrianMultilingualNeural,slow,1.12,synthetic_tts_dataset\34 ਤਿਤਲੀ N\tts_en_US_Brian_slow.wav
33,ਤਿਤਲੀ,तितली,N,en-US-BrianMultilingualNeural,fast,0.9,synthetic_tts_dataset\34 ਤਿਤਲੀ N\tts_en_US_Brian_fast.wav
33,ਤਿਤਲੀ,तितली,N,en-AU-WilliamMultilingualNeural,normal,1.0,synthetic_tts_dataset\34 ਤਿਤਲੀ N\tts_en_AU_William_normal.wav
33,ਤਿਤਲੀ,तितली,N,en-AU-WilliamMultilingualNeural,slow,1.12,synthetic_tts_dataset\34 ਤਿਤਲੀ N\tts_en_AU_William_slow.wav
33,ਤਿਤਲੀ,तितली,N,en-AU-WilliamMultilingualNeural,fast,0.9,synthetic_tts_dataset\34 ਤਿਤਲੀ N\tts_en_AU_William_fast.wav
34,ਥੈਲਾ,थैला,N,en-US-EmmaMultilingualNeural,normal,1.0,synthetic_tts_dataset\35 ਥੈਲਾ N\tts_en_US_Emma_normal.wav
34,ਥੈਲਾ,थैला,N,en-US-EmmaMultilingualNeural,slow,1.12,synthetic_tts_dataset\35 ਥੈਲਾ N\tts_en_US_Emma_slow.wav
34,ਥੈਲਾ,थैला,N,en-US-EmmaMultilingualNeural,fast,0.9,synthetic_tts_dataset\35 ਥੈਲਾ N\tts_en_US_Emma_fast.wav
34,ਥੈਲਾ,थैला,N,en-US-AvaMultilingualNeural,normal,1.0,synthetic_tts_dataset\35 ਥੈਲਾ N\tts_en_US_Ava_normal.wav
34,ਥੈਲਾ,थैला,N,en-US-AvaMultilingualNeural,slow,1.12,synthetic_tts_dataset\35 ਥੈਲਾ N\tts_en_US_Ava_slow.wav
34,ਥੈਲਾ,थैला,N,en-US-AvaMultilingualNeural,fast,0.9,synthetic_tts_dataset\35 ਥੈਲਾ N\tts_en_US_Ava_fast.wav
34,ਥੈਲਾ,थैला,N,en-US-AndrewMultilingualNeural,normal,1.0,synthetic_tts_dataset\35 ਥੈਲਾ N\tts_en_US_Andrew_normal.wav
34,ਥੈਲਾ,थैला,N,en-US-AndrewMultilingualNeural,slow,1.12,synthetic_tts_dataset\35 ਥੈਲਾ N\tts_en_US_Andrew_slow.wav
34,ਥੈਲਾ,थैला,N,en-US-AndrewMultilingualNeural,fast,0.9,synthetic_tts_dataset\35 ਥੈਲਾ N\tts_en_US_Andrew_fast.wav
34,ਥੈਲਾ,थैला,N,en-US-BrianMultilingualNeural,normal,1.0,synthetic_tts_dataset\35 ਥੈਲਾ N\tts_en_US_Brian_normal.wav
34,ਥੈਲਾ,थैला,N,en-US-BrianMultilingualNeural,slow,1.12,synthetic_tts_dataset\35 ਥੈਲਾ N\tts_en_US_Brian_slow.wav
34,ਥੈਲਾ,थैला,N,en-US-BrianMultilingualNeural,fast,0.9,synthetic_tts_dataset\35 ਥੈਲਾ N\tts_en_US_Brian_fast.wav
34,ਥੈਲਾ,थैला,N,en-AU-WilliamMultilingualNeural,normal,1.0,synthetic_tts_dataset\35 ਥੈਲਾ N\tts_en_AU_William_normal.wav
34,ਥੈਲਾ,थैला,N,en-AU-WilliamMultilingualNeural,slow,1.12,synthetic_tts_dataset\35 ਥੈਲਾ N\tts_en_AU_William_slow.wav
34,ਥੈਲਾ,थैला,N,en-AU-WilliamMultilingualNeural,fast,0.9,synthetic_tts_dataset\35 ਥੈਲਾ N\tts_en_AU_William_fast.wav
35,ਥਾਲੀ,थाली,N,en-US-EmmaMultilingualNeural,normal,1.0,synthetic_tts_dataset\36 ਥਾਲੀ N\tts_en_US_Emma_normal.wav
35,ਥਾਲੀ,थाली,N,en-US-EmmaMultilingualNeural,slow,1.12,synthetic_tts_dataset\36 ਥਾਲੀ N\tts_en_US_Emma_slow.wav
35,ਥਾਲੀ,थाली,N,en-US-EmmaMultilingualNeural,fast,0.9,synthetic_tts_dataset\36 ਥਾਲੀ N\tts_en_US_Emma_fast.wav
35,ਥਾਲੀ,थाली,N,en-US-AvaMultilingualNeural,normal,1.0,synthetic_tts_dataset\36 ਥਾਲੀ N\tts_en_US_Ava_normal.wav
35,ਥਾਲੀ,थाली,N,en-US-AvaMultilingualNeural,slow,1.12,synthetic_tts_dataset\36 ਥਾਲੀ N\tts_en_US_Ava_slow.wav
35,ਥਾਲੀ,थाली,N,en-US-AvaMultilingualNeural,fast,0.9,synthetic_tts_dataset\36 ਥਾਲੀ N\tts_en_US_Ava_fast.wav
35,ਥਾਲੀ,थाली,N,en-US-AndrewMultilingualNeural,normal,1.0,synthetic_tts_dataset\36 ਥਾਲੀ N\tts_en_US_Andrew_normal.wav
35,ਥਾਲੀ,थाली,N,en-US-AndrewMultilingualNeural,slow,1.12,synthetic_tts_dataset\36 ਥਾਲੀ N\tts_en_US_Andrew_slow.wav
35,ਥਾਲੀ,थाली,N,en-US-AndrewMultilingualNeural,fast,0.9,synthetic_tts_dataset\36 ਥਾਲੀ N\tts_en_US_Andrew_fast.wav
35,ਥਾਲੀ,थाली,N,en-US-BrianMultilingualNeural,normal,1.0,synthetic_tts_dataset\36 ਥਾਲੀ N\tts_en_US_Brian_normal.wav
35,ਥਾਲੀ,थाली,N,en-US-BrianMultilingualNeural,slow,1.12,synthetic_tts_dataset\36 ਥਾਲੀ N\tts_en_US_Brian_slow.wav
35,ਥਾਲੀ,थाली,N,en-US-BrianMultilingualNeural,fast,0.9,synthetic_tts_dataset\36 ਥਾਲੀ N\tts_en_US_Brian_fast.wav
35,ਥਾਲੀ,थाली,N,en-AU-WilliamMultilingualNeural,normal,1.0,synthetic_tts_dataset\36 ਥਾਲੀ N\tts_en_AU_William_normal.wav
35,ਥਾਲੀ,थाली,N,en-AU-WilliamMultilingualNeural,slow,1.12,synthetic_tts_dataset\36 ਥਾਲੀ N\tts_en_AU_William_slow.wav
35,ਥਾਲੀ,थाली,N,en-AU-WilliamMultilingualNeural,fast,0.9,synthetic_tts_dataset\36 ਥਾਲੀ N\tts_en_AU_William_fast.wav
36,ਦੀਵਾ,दीवा,N,en-US-EmmaMultilingualNeural,normal,1.0,synthetic_tts_dataset\37 ਦੀਵਾ N\tts_en_US_Emma_normal.wav
36,ਦੀਵਾ,दीवा,N,en-US-EmmaMultilingualNeural,slow,1.12,synthetic_tts_dataset\37 ਦੀਵਾ N\tts_en_US_Emma_slow.wav
36,ਦੀਵਾ,दीवा,N,en-US-EmmaMultilingualNeural,fast,0.9,synthetic_tts_dataset\37 ਦੀਵਾ N\tts_en_US_Emma_fast.wav
36,ਦੀਵਾ,दीवा,N,en-US-AvaMultilingualNeural,normal,1.0,synthetic_tts_dataset\37 ਦੀਵਾ N\tts_en_US_Ava_normal.wav
36,ਦੀਵਾ,दीवा,N,en-US-AvaMultilingualNeural,slow,1.12,synthetic_tts_dataset\37 ਦੀਵਾ N\tts_en_US_Ava_slow.wav
36,ਦੀਵਾ,दीवा,N,en-US-AvaMultilingualNeural,fast,0.9,synthetic_tts_dataset\37 ਦੀਵਾ N\tts_en_US_Ava_fast.wav
36,ਦੀਵਾ,दीवा,N,en-US-AndrewMultilingualNeural,normal,1.0,synthetic_tts_dataset\37 ਦੀਵਾ N\tts_en_US_Andrew_normal.wav
36,ਦੀਵਾ,दीवा,N,en-US-AndrewMultilingualNeural,slow,1.12,synthetic_tts_dataset\37 ਦੀਵਾ N\tts_en_US_Andrew_slow.wav
36,ਦੀਵਾ,दीवा,N,en-US-AndrewMultilingualNeural,fast,0.9,synthetic_tts_dataset\37 ਦੀਵਾ N\tts_en_US_Andrew_fast.wav
36,ਦੀਵਾ,दीवा,N,en-US-BrianMultilingualNeural,normal,1.0,synthetic_tts_dataset\37 ਦੀਵਾ N\tts_en_US_Brian_normal.wav
36,ਦੀਵਾ,दीवा,N,en-US-BrianMultilingualNeural,slow,1.12,synthetic_tts_dataset\37 ਦੀਵਾ N\tts_en_US_Brian_slow.wav
36,ਦੀਵਾ,दीवा,N,en-US-BrianMultilingualNeural,fast,0.9,synthetic_tts_dataset\37 ਦੀਵਾ N\tts_en_US_Brian_fast.wav
36,ਦੀਵਾ,दीवा,N,en-AU-WilliamMultilingualNeural,normal,1.0,synthetic_tts_dataset\37 ਦੀਵਾ N\tts_en_AU_William_normal.wav
36,ਦੀਵਾ,दीवा,N,en-AU-WilliamMultilingualNeural,slow,1.12,synthetic_tts_dataset\37 ਦੀਵਾ N\tts_en_AU_William_slow.wav
36,ਦੀਵਾ,दीवा,N,en-AU-WilliamMultilingualNeural,fast,0.9,synthetic_tts_dataset\37 ਦੀਵਾ N\tts_en_AU_William_fast.wav
37,ਦੰਦ,दंद,N,en-US-EmmaMultilingualNeural,normal,1.0,synthetic_tts_dataset\38 ਦੰਦ N\tts_en_US_Emma_normal.wav
37,ਦੰਦ,दंद,N,en-US-EmmaMultilingualNeural,slow,1.12,synthetic_tts_dataset\38 ਦੰਦ N\tts_en_US_Emma_slow.wav
37,ਦੰਦ,दंद,N,en-US-EmmaMultilingualNeural,fast,0.9,synthetic_tts_dataset\38 ਦੰਦ N\tts_en_US_Emma_fast.wav
37,ਦੰਦ,दंद,N,en-US-AvaMultilingualNeural,normal,1.0,synthetic_tts_dataset\38 ਦੰਦ N\tts_en_US_Ava_normal.wav
37,ਦੰਦ,दंद,N,en-US-AvaMultilingualNeural,slow,1.12,synthetic_tts_dataset\38 ਦੰਦ N\tts_en_US_Ava_slow.wav
37,ਦੰਦ,दंद,N,en-US-AvaMultilingualNeural,fast,0.9,synthetic_tts_dataset\38 ਦੰਦ N\tts_en_US_Ava_fast.wav
37,ਦੰਦ,दंद,N,en-US-AndrewMultilingualNeural,normal,1.0,synthetic_tts_dataset\38 ਦੰਦ N\tts_en_US_Andrew_normal.wav
37,ਦੰਦ,दंद,N,en-US-AndrewMultilingualNeural,slow,1.12,synthetic_tts_dataset\38 ਦੰਦ N\tts_en_US_Andrew_slow.wav
37,ਦੰਦ,दंद,N,en-US-AndrewMultilingualNeural,fast,0.9,synthetic_tts_dataset\38 ਦੰਦ N\tts_en_US_Andrew_fast.wav
37,ਦੰਦ,दंद,N,en-US-BrianMultilingualNeural,normal,1.0,synthetic_tts_dataset\38 ਦੰਦ N\tts_en_US_Brian_normal.wav
37,ਦੰਦ,दंद,N,en-US-BrianMultilingualNeural,slow,1.12,synthetic_tts_dataset\38 ਦੰਦ N\tts_en_US_Brian_slow.wav
37,ਦੰਦ,दंद,N,en-US-BrianMultilingualNeural,fast,0.9,synthetic_tts_dataset\38 ਦੰਦ N\tts_en_US_Brian_fast.wav
37,ਦੰਦ,दंद,N,en-AU-WilliamMultilingualNeural,normal,1.0,synthetic_tts_dataset\38 ਦੰਦ N\tts_en_AU_William_normal.wav
37,ਦੰਦ,दंद,N,en-AU-WilliamMultilingualNeural,slow,1.12,synthetic_tts_dataset\38 ਦੰਦ N\tts_en_AU_William_slow.wav
37,ਦੰਦ,दंद,N,en-AU-WilliamMultilingualNeural,fast,0.9,synthetic_tts_dataset\38 ਦੰਦ N\tts_en_AU_William_fast.wav
38,ਧਾਗਾ,धागा,N,en-US-EmmaMultilingualNeural,normal,1.0,synthetic_tts_dataset\39 ਧਾਗਾ N\tts_en_US_Emma_normal.wav
38,ਧਾਗਾ,धागा,N,en-US-EmmaMultilingualNeural,slow,1.12,synthetic_tts_dataset\39 ਧਾਗਾ N\tts_en_US_Emma_slow.wav
38,ਧਾਗਾ,धागा,N,en-US-EmmaMultilingualNeural,fast,0.9,synthetic_tts_dataset\39 ਧਾਗਾ N\tts_en_US_Emma_fast.wav
38,ਧਾਗਾ,धागा,N,en-US-AvaMultilingualNeural,normal,1.0,synthetic_tts_dataset\39 ਧਾਗਾ N\tts_en_US_Ava_normal.wav
38,ਧਾਗਾ,धागा,N,en-US-AvaMultilingualNeural,slow,1.12,synthetic_tts_dataset\39 ਧਾਗਾ N\tts_en_US_Ava_slow.wav
38,ਧਾਗਾ,धागा,N,en-US-AvaMultilingualNeural,fast,0.9,synthetic_tts_dataset\39 ਧਾਗਾ N\tts_en_US_Ava_fast.wav
38,ਧਾਗਾ,धागा,N,en-US-AndrewMultilingualNeural,normal,1.0,synthetic_tts_dataset\39 ਧਾਗਾ N\tts_en_US_Andrew_normal.wav
38,ਧਾਗਾ,धागा,N,en-US-AndrewMultilingualNeural,slow,1.12,synthetic_tts_dataset\39 ਧਾਗਾ N\tts_en_US_Andrew_slow.wav
38,ਧਾਗਾ,धागा,N,en-US-AndrewMultilingualNeural,fast,0.9,synthetic_tts_dataset\39 ਧਾਗਾ N\tts_en_US_Andrew_fast.wav
38,ਧਾਗਾ,धागा,N,en-US-BrianMultilingualNeural,normal,1.0,synthetic_tts_dataset\39 ਧਾਗਾ N\tts_en_US_Brian_normal.wav
38,ਧਾਗਾ,धागा,N,en-US-BrianMultilingualNeural,slow,1.12,synthetic_tts_dataset\39 ਧਾਗਾ N\tts_en_US_Brian_slow.wav
38,ਧਾਗਾ,धागा,N,en-US-BrianMultilingualNeural,fast,0.9,synthetic_tts_dataset\39 ਧਾਗਾ N\tts_en_US_Brian_fast.wav
38,ਧਾਗਾ,धागा,N,en-AU-WilliamMultilingualNeural,normal,1.0,synthetic_tts_dataset\39 ਧਾਗਾ N\tts_en_AU_William_normal.wav
38,ਧਾਗਾ,धागा,N,en-AU-WilliamMultilingualNeural,slow,1.12,synthetic_tts_dataset\39 ਧਾਗਾ N\tts_en_AU_William_slow.wav
38,ਧਾਗਾ,धागा,N,en-AU-WilliamMultilingualNeural,fast,0.9,synthetic_tts_dataset\39 ਧਾਗਾ N\tts_en_AU_William_fast.wav
39,ਧੋਬੀ,धोबी,N,en-US-EmmaMultilingualNeural,normal,1.0,synthetic_tts_dataset\40 ਧੋਬੀ N\tts_en_US_Emma_normal.wav
39,ਧੋਬੀ,धोबी,N,en-US-EmmaMultilingualNeural,slow,1.12,synthetic_tts_dataset\40 ਧੋਬੀ N\tts_en_US_Emma_slow.wav
39,ਧੋਬੀ,धोबी,N,en-US-EmmaMultilingualNeural,fast,0.9,synthetic_tts_dataset\40 ਧੋਬੀ N\tts_en_US_Emma_fast.wav
39,ਧੋਬੀ,धोबी,N,en-US-AvaMultilingualNeural,normal,1.0,synthetic_tts_dataset\40 ਧੋਬੀ N\tts_en_US_Ava_normal.wav
39,ਧੋਬੀ,धोबी,N,en-US-AvaMultilingualNeural,slow,1.12,synthetic_tts_dataset\40 ਧੋਬੀ N\tts_en_US_Ava_slow.wav
39,ਧੋਬੀ,धोबी,N,en-US-AvaMultilingualNeural,fast,0.9,synthetic_tts_dataset\40 ਧੋਬੀ N\tts_en_US_Ava_fast.wav
39,ਧੋਬੀ,धोबी,N,en-US-AndrewMultilingualNeural,normal,1.0,synthetic_tts_dataset\40 ਧੋਬੀ N\tts_en_US_Andrew_normal.wav
39,ਧੋਬੀ,धोबी,N,en-US-AndrewMultilingualNeural,slow,1.12,synthetic_tts_dataset\40 ਧੋਬੀ N\tts_en_US_Andrew_slow.wav
39,ਧੋਬੀ,धोबी,N,en-US-AndrewMultilingualNeural,fast,0.9,synthetic_tts_dataset\40 ਧੋਬੀ N\tts_en_US_Andrew_fast.wav
39,ਧੋਬੀ,धोबी,N,en-US-BrianMultilingualNeural,normal,1.0,synthetic_tts_dataset\40 ਧੋਬੀ N\tts_en_US_Brian_normal.wav
39,ਧੋਬੀ,धोबी,N,en-US-BrianMultilingualNeural,slow,1.12,synthetic_tts_dataset\40 ਧੋਬੀ N\tts_en_US_Brian_slow.wav
39,ਧੋਬੀ,धोबी,N,en-US-BrianMultilingualNeural,fast,0.9,synthetic_tts_dataset\40 ਧੋਬੀ N\tts_en_US_Brian_fast.wav
39,ਧੋਬੀ,धोबी,N,en-AU-WilliamMultilingualNeural,normal,1.0,synthetic_tts_dataset\40 ਧੋਬੀ N\tts_en_AU_William_normal.wav
39,ਧੋਬੀ,धोबी,N,en-AU-WilliamMultilingualNeural,slow,1.12,synthetic_tts_dataset\40 ਧੋਬੀ N\tts_en_AU_William_slow.wav
39,ਧੋਬੀ,धोबी,N,en-AU-WilliamMultilingualNeural,fast,0.9,synthetic_tts_dataset\40 ਧੋਬੀ N\tts_en_AU_William_fast.wav
40,ਪੌੜੀ,पौड़ी,N,en-US-EmmaMultilingualNeural,normal,1.0,synthetic_tts_dataset\41 ਪੌੜੀ N\tts_en_US_Emma_normal.wav
40,ਪੌੜੀ,पौड़ी,N,en-US-EmmaMultilingualNeural,slow,1.12,synthetic_tts_dataset\41 ਪੌੜੀ N\tts_en_US_Emma_slow.wav
40,ਪੌੜੀ,पौड़ी,N,en-US-EmmaMultilingualNeural,fast,0.9,synthetic_tts_dataset\41 ਪੌੜੀ N\tts_en_US_Emma_fast.wav
40,ਪੌੜੀ,पौड़ी,N,en-US-AvaMultilingualNeural,normal,1.0,synthetic_tts_dataset\41 ਪੌੜੀ N\tts_en_US_Ava_normal.wav
40,ਪੌੜੀ,पौड़ी,N,en-US-AvaMultilingualNeural,slow,1.12,synthetic_tts_dataset\41 ਪੌੜੀ N\tts_en_US_Ava_slow.wav
40,ਪੌੜੀ,पौड़ी,N,en-US-AvaMultilingualNeural,fast,0.9,synthetic_tts_dataset\41 ਪੌੜੀ N\tts_en_US_Ava_fast.wav
40,ਪੌੜੀ,पौड़ी,N,en-US-AndrewMultilingualNeural,normal,1.0,synthetic_tts_dataset\41 ਪੌੜੀ N\tts_en_US_Andrew_normal.wav
40,ਪੌੜੀ,पौड़ी,N,en-US-AndrewMultilingualNeural,slow,1.12,synthetic_tts_dataset\41 ਪੌੜੀ N\tts_en_US_Andrew_slow.wav
40,ਪੌੜੀ,पौड़ी,N,en-US-AndrewMultilingualNeural,fast,0.9,synthetic_tts_dataset\41 ਪੌੜੀ N\tts_en_US_Andrew_fast.wav
40,ਪੌੜੀ,पौड़ी,N,en-US-BrianMultilingualNeural,normal,1.0,synthetic_tts_dataset\41 ਪੌੜੀ N\tts_en_US_Brian_normal.wav
40,ਪੌੜੀ,पौड़ी,N,en-US-BrianMultilingualNeural,slow,1.12,synthetic_tts_dataset\41 ਪੌੜੀ N\tts_en_US_Brian_slow.wav
40,ਪੌੜੀ,पौड़ी,N,en-US-BrianMultilingualNeural,fast,0.9,synthetic_tts_dataset\41 ਪੌੜੀ N\tts_en_US_Brian_fast.wav
40,ਪੌੜੀ,पौड़ी,N,en-AU-WilliamMultilingualNeural,normal,1.0,synthetic_tts_dataset\41 ਪੌੜੀ N\tts_en_AU_William_normal.wav
40,ਪੌੜੀ,पौड़ी,N,en-AU-WilliamMultilingualNeural,slow,1.12,synthetic_tts_dataset\41 ਪੌੜੀ N\tts_en_AU_William_slow.wav
40,ਪੌੜੀ,पौड़ी,N,en-AU-WilliamMultilingualNeural,fast,0.9,synthetic_tts_dataset\41 ਪੌੜੀ N\tts_en_AU_William_fast.wav
41,ਪਤੰਗ,पतंग,N,en-US-EmmaMultilingualNeural,normal,1.0,synthetic_tts_dataset\42 ਪਤੰਗ N\tts_en_US_Emma_normal.wav
41,ਪਤੰਗ,पतंग,N,en-US-EmmaMultilingualNeural,slow,1.12,synthetic_tts_dataset\42 ਪਤੰਗ N\tts_en_US_Emma_slow.wav
41,ਪਤੰਗ,पतंग,N,en-US-EmmaMultilingualNeural,fast,0.9,synthetic_tts_dataset\42 ਪਤੰਗ N\tts_en_US_Emma_fast.wav
41,ਪਤੰਗ,पतंग,N,en-US-AvaMultilingualNeural,normal,1.0,synthetic_tts_dataset\42 ਪਤੰਗ N\tts_en_US_Ava_normal.wav
41,ਪਤੰਗ,पतंग,N,en-US-AvaMultilingualNeural,slow,1.12,synthetic_tts_dataset\42 ਪਤੰਗ N\tts_en_US_Ava_slow.wav
41,ਪਤੰਗ,पतंग,N,en-US-AvaMultilingualNeural,fast,0.9,synthetic_tts_dataset\42 ਪਤੰਗ N\tts_en_US_Ava_fast.wav
41,ਪਤੰਗ,पतंग,N,en-US-AndrewMultilingualNeural,normal,1.0,synthetic_tts_dataset\42 ਪਤੰਗ N\tts_en_US_Andrew_normal.wav
41,ਪਤੰਗ,पतंग,N,en-US-AndrewMultilingualNeural,slow,1.12,synthetic_tts_dataset\42 ਪਤੰਗ N\tts_en_US_Andrew_slow.wav
41,ਪਤੰਗ,पतंग,N,en-US-AndrewMultilingualNeural,fast,0.9,synthetic_tts_dataset\42 ਪਤੰਗ N\tts_en_US_Andrew_fast.wav
41,ਪਤੰਗ,पतंग,N,en-US-BrianMultilingualNeural,normal,1.0,synthetic_tts_dataset\42 ਪਤੰਗ N\tts_en_US_Brian_normal.wav
41,ਪਤੰਗ,पतंग,N,en-US-BrianMultilingualNeural,slow,1.12,synthetic_tts_dataset\42 ਪਤੰਗ N\tts_en_US_Brian_slow.wav
41,ਪਤੰਗ,पतंग,N,en-US-BrianMultilingualNeural,fast,0.9,synthetic_tts_dataset\42 ਪਤੰਗ N\tts_en_US_Brian_fast.wav
41,ਪਤੰਗ,पतंग,N,en-AU-WilliamMultilingualNeural,normal,1.0,synthetic_tts_dataset\42 ਪਤੰਗ N\tts_en_AU_William_normal.wav
41,ਪਤੰਗ,पतंग,N,en-AU-WilliamMultilingualNeural,slow,1.12,synthetic_tts_dataset\42 ਪਤੰਗ N\tts_en_AU_William_slow.wav
41,ਪਤੰਗ,पतंग,N,en-AU-WilliamMultilingualNeural,fast,0.9,synthetic_tts_dataset\42 ਪਤੰਗ N\tts_en_AU_William_fast.wav
42,ਫੁੱਲ,फूल,N,en-US-EmmaMultilingualNeural,normal,1.0,synthetic_tts_dataset\43 ਫੁੱਲ N\tts_en_US_Emma_normal.wav
42,ਫੁੱਲ,फूल,N,en-US-EmmaMultilingualNeural,slow,1.12,synthetic_tts_dataset\43 ਫੁੱਲ N\tts_en_US_Emma_slow.wav
42,ਫੁੱਲ,फूल,N,en-US-EmmaMultilingualNeural,fast,0.9,synthetic_tts_dataset\43 ਫੁੱਲ N\tts_en_US_Emma_fast.wav
42,ਫੁੱਲ,फूल,N,en-US-AvaMultilingualNeural,normal,1.0,synthetic_tts_dataset\43 ਫੁੱਲ N\tts_en_US_Ava_normal.wav
42,ਫੁੱਲ,फूल,N,en-US-AvaMultilingualNeural,slow,1.12,synthetic_tts_dataset\43 ਫੁੱਲ N\tts_en_US_Ava_slow.wav
42,ਫੁੱਲ,फूल,N,en-US-AvaMultilingualNeural,fast,0.9,synthetic_tts_dataset\43 ਫੁੱਲ N\tts_en_US_Ava_fast.wav
42,ਫੁੱਲ,फूल,N,en-US-AndrewMultilingualNeural,normal,1.0,synthetic_tts_dataset\43 ਫੁੱਲ N\tts_en_US_Andrew_normal.wav
42,ਫੁੱਲ,फूल,N,en-US-AndrewMultilingualNeural,slow,1.12,synthetic_tts_dataset\43 ਫੁੱਲ N\tts_en_US_Andrew_slow.wav
42,ਫੁੱਲ,फूल,N,en-US-AndrewMultilingualNeural,fast,0.9,synthetic_tts_dataset\43 ਫੁੱਲ N\tts_en_US_Andrew_fast.wav
42,ਫੁੱਲ,फूल,N,en-US-BrianMultilingualNeural,normal,1.0,synthetic_tts_dataset\43 ਫੁੱਲ N\tts_en_US_Brian_normal.wav
42,ਫੁੱਲ,फूल,N,en-US-BrianMultilingualNeural,slow,1.12,synthetic_tts_dataset\43 ਫੁੱਲ N\tts_en_US_Brian_slow.wav
42,ਫੁੱਲ,फूल,N,en-US-BrianMultilingualNeural,fast,0.9,synthetic_tts_dataset\43 ਫੁੱਲ N\tts_en_US_Brian_fast.wav
42,ਫੁੱਲ,फूल,N,en-AU-WilliamMultilingualNeural,normal,1.0,synthetic_tts_dataset\43 ਫੁੱਲ N\tts_en_AU_William_normal.wav
42,ਫੁੱਲ,फूल,N,en-AU-WilliamMultilingualNeural,slow,1.12,synthetic_tts_dataset\43 ਫੁੱਲ N\tts_en_AU_William_slow.wav
42,ਫੁੱਲ,फूल,N,en-AU-WilliamMultilingualNeural,fast,0.9,synthetic_tts_dataset\43 ਫੁੱਲ N\tts_en_AU_William_fast.wav
43,ਫ਼ਲ,फल,N,en-US-EmmaMultilingualNeural,normal,1.0,synthetic_tts_dataset\44 ਫ਼ਲ N\tts_en_US_Emma_normal.wav
43,ਫ਼ਲ,फल,N,en-US-EmmaMultilingualNeural,slow,1.12,synthetic_tts_dataset\44 ਫ਼ਲ N\tts_en_US_Emma_slow.wav
43,ਫ਼ਲ,फल,N,en-US-EmmaMultilingualNeural,fast,0.9,synthetic_tts_dataset\44 ਫ਼ਲ N\tts_en_US_Emma_fast.wav
43,ਫ਼ਲ,फल,N,en-US-AvaMultilingualNeural,normal,1.0,synthetic_tts_dataset\44 ਫ਼ਲ N\tts_en_US_Ava_normal.wav
43,ਫ਼ਲ,फल,N,en-US-AvaMultilingualNeural,slow,1.12,synthetic_tts_dataset\44 ਫ਼ਲ N\tts_en_US_Ava_slow.wav
43,ਫ਼ਲ,फल,N,en-US-AvaMultilingualNeural,fast,0.9,synthetic_tts_dataset\44 ਫ਼ਲ N\tts_en_US_Ava_fast.wav
43,ਫ਼ਲ,फल,N,en-US-AndrewMultilingualNeural,normal,1.0,synthetic_tts_dataset\44 ਫ਼ਲ N\tts_en_US_Andrew_normal.wav
43,ਫ਼ਲ,फल,N,en-US-AndrewMultilingualNeural,slow,1.12,synthetic_tts_dataset\44 ਫ਼ਲ N\tts_en_US_Andrew_slow.wav
43,ਫ਼ਲ,फल,N,en-US-AndrewMultilingualNeural,fast,0.9,synthetic_tts_dataset\44 ਫ਼ਲ N\tts_en_US_Andrew_fast.wav
43,ਫ਼ਲ,फल,N,en-US-BrianMultilingualNeural,normal,1.0,synthetic_tts_dataset\44 ਫ਼ਲ N\tts_en_US_Brian_normal.wav
43,ਫ਼ਲ,फल,N,en-US-BrianMultilingualNeural,slow,1.12,synthetic_tts_dataset\44 ਫ਼ਲ N\tts_en_US_Brian_slow.wav
43,ਫ਼ਲ,फल,N,en-US-BrianMultilingualNeural,fast,0.9,synthetic_tts_dataset\44 ਫ਼ਲ N\tts_en_US_Brian_fast.wav
43,ਫ਼ਲ,फल,N,en-AU-WilliamMultilingualNeural,normal,1.0,synthetic_tts_dataset\44 ਫ਼ਲ N\tts_en_AU_William_normal.wav
43,ਫ਼ਲ,फल,N,en-AU-WilliamMultilingualNeural,slow,1.12,synthetic_tts_dataset\44 ਫ਼ਲ N\tts_en_AU_William_slow.wav
43,ਫ਼ਲ,फल,N,en-AU-WilliamMultilingualNeural,fast,0.9,synthetic_tts_dataset\44 ਫ਼ਲ N\tts_en_AU_William_fast.wav
44,ਬੱਸ,बस,N,en-US-EmmaMultilingualNeural,normal,1.0,synthetic_tts_dataset\45 ਬੱਸ N\tts_en_US_Emma_normal.wav
44,ਬੱਸ,बस,N,en-US-EmmaMultilingualNeural,slow,1.12,synthetic_tts_dataset\45 ਬੱਸ N\tts_en_US_Emma_slow.wav
44,ਬੱਸ,बस,N,en-US-EmmaMultilingualNeural,fast,0.9,synthetic_tts_dataset\45 ਬੱਸ N\tts_en_US_Emma_fast.wav
44,ਬੱਸ,बस,N,en-US-AvaMultilingualNeural,normal,1.0,synthetic_tts_dataset\45 ਬੱਸ N\tts_en_US_Ava_normal.wav
44,ਬੱਸ,बस,N,en-US-AvaMultilingualNeural,slow,1.12,synthetic_tts_dataset\45 ਬੱਸ N\tts_en_US_Ava_slow.wav
44,ਬੱਸ,बस,N,en-US-AvaMultilingualNeural,fast,0.9,synthetic_tts_dataset\45 ਬੱਸ N\tts_en_US_Ava_fast.wav
44,ਬੱਸ,बस,N,en-US-AndrewMultilingualNeural,normal,1.0,synthetic_tts_dataset\45 ਬੱਸ N\tts_en_US_Andrew_normal.wav
44,ਬੱਸ,बस,N,en-US-AndrewMultilingualNeural,slow,1.12,synthetic_tts_dataset\45 ਬੱਸ N\tts_en_US_Andrew_slow.wav
44,ਬੱਸ,बस,N,en-US-AndrewMultilingualNeural,fast,0.9,synthetic_tts_dataset\45 ਬੱਸ N\tts_en_US_Andrew_fast.wav
44,ਬੱਸ,बस,N,en-US-BrianMultilingualNeural,normal,1.0,synthetic_tts_dataset\45 ਬੱਸ N\tts_en_US_Brian_normal.wav
44,ਬੱਸ,बस,N,en-US-BrianMultilingualNeural,slow,1.12,synthetic_tts_dataset\45 ਬੱਸ N\tts_en_US_Brian_slow.wav
44,ਬੱਸ,बस,N,en-US-BrianMultilingualNeural,fast,0.9,synthetic_tts_dataset\45 ਬੱਸ N\tts_en_US_Brian_fast.wav
44,ਬੱਸ,बस,N,en-AU-WilliamMultilingualNeural,normal,1.0,synthetic_tts_dataset\45 ਬੱਸ N\tts_en_AU_William_normal.wav
44,ਬੱਸ,बस,N,en-AU-WilliamMultilingualNeural,slow,1.12,synthetic_tts_dataset\45 ਬੱਸ N\tts_en_AU_William_slow.wav
44,ਬੱਸ,बस,N,en-AU-WilliamMultilingualNeural,fast,0.9,synthetic_tts_dataset\45 ਬੱਸ N\tts_en_AU_William_fast.wav
45,ਬਿੱਲੀ,बिल्ली,N,en-US-EmmaMultilingualNeural,normal,1.0,synthetic_tts_dataset\46 ਬਿੱਲੀ N\tts_en_US_Emma_normal.wav
45,ਬਿੱਲੀ,बिल्ली,N,en-US-EmmaMultilingualNeural,slow,1.12,synthetic_tts_dataset\46 ਬਿੱਲੀ N\tts_en_US_Emma_slow.wav
45,ਬਿੱਲੀ,बिल्ली,N,en-US-EmmaMultilingualNeural,fast,0.9,synthetic_tts_dataset\46 ਬਿੱਲੀ N\tts_en_US_Emma_fast.wav
45,ਬਿੱਲੀ,बिल्ली,N,en-US-AvaMultilingualNeural,normal,1.0,synthetic_tts_dataset\46 ਬਿੱਲੀ N\tts_en_US_Ava_normal.wav
45,ਬਿੱਲੀ,बिल्ली,N,en-US-AvaMultilingualNeural,slow,1.12,synthetic_tts_dataset\46 ਬਿੱਲੀ N\tts_en_US_Ava_slow.wav
45,ਬਿੱਲੀ,बिल्ली,N,en-US-AvaMultilingualNeural,fast,0.9,synthetic_tts_dataset\46 ਬਿੱਲੀ N\tts_en_US_Ava_fast.wav
45,ਬਿੱਲੀ,बिल्ली,N,en-US-AndrewMultilingualNeural,normal,1.0,synthetic_tts_dataset\46 ਬਿੱਲੀ N\tts_en_US_Andrew_normal.wav
45,ਬਿੱਲੀ,बिल्ली,N,en-US-AndrewMultilingualNeural,slow,1.12,synthetic_tts_dataset\46 ਬਿੱਲੀ N\tts_en_US_Andrew_slow.wav
45,ਬਿੱਲੀ,बिल्ली,N,en-US-AndrewMultilingualNeural,fast,0.9,synthetic_tts_dataset\46 ਬਿੱਲੀ N\tts_en_US_Andrew_fast.wav
45,ਬਿੱਲੀ,बिल्ली,N,en-US-BrianMultilingualNeural,normal,1.0,synthetic_tts_dataset\46 ਬਿੱਲੀ N\tts_en_US_Brian_normal.wav
45,ਬਿੱਲੀ,बिल्ली,N,en-US-BrianMultilingualNeural,slow,1.12,synthetic_tts_dataset\46 ਬਿੱਲੀ N\tts_en_US_Brian_slow.wav
45,ਬਿੱਲੀ,बिल्ली,N,en-US-BrianMultilingualNeural,fast,0.9,synthetic_tts_dataset\46 ਬਿੱਲੀ N\tts_en_US_Brian_fast.wav
45,ਬਿੱਲੀ,बिल्ली,N,en-AU-WilliamMultilingualNeural,normal,1.0,synthetic_tts_dataset\46 ਬਿੱਲੀ N\tts_en_AU_William_normal.wav
45,ਬਿੱਲੀ,बिल्ली,N,en-AU-WilliamMultilingualNeural,slow,1.12,synthetic_tts_dataset\46 ਬਿੱਲੀ N\tts_en_AU_William_slow.wav
45,ਬਿੱਲੀ,बिल्ली,N,en-AU-WilliamMultilingualNeural,fast,0.9,synthetic_tts_dataset\46 ਬਿੱਲੀ N\tts_en_AU_William_fast.wav
46,ਭਿੰਡੀ,भिंडी,N,en-US-EmmaMultilingualNeural,normal,1.0,synthetic_tts_dataset\47 ਭਿੰਡੀ N\tts_en_US_Emma_normal.wav
46,ਭਿੰਡੀ,भिंडी,N,en-US-EmmaMultilingualNeural,slow,1.12,synthetic_tts_dataset\47 ਭਿੰਡੀ N\tts_en_US_Emma_slow.wav
46,ਭਿੰਡੀ,भिंडी,N,en-US-EmmaMultilingualNeural,fast,0.9,synthetic_tts_dataset\47 ਭਿੰਡੀ N\tts_en_US_Emma_fast.wav
46,ਭਿੰਡੀ,भिंडी,N,en-US-AvaMultilingualNeural,normal,1.0,synthetic_tts_dataset\47 ਭਿੰਡੀ N\tts_en_US_Ava_normal.wav
46,ਭਿੰਡੀ,भिंडी,N,en-US-AvaMultilingualNeural,slow,1.12,synthetic_tts_dataset\47 ਭਿੰਡੀ N\tts_en_US_Ava_slow.wav
46,ਭਿੰਡੀ,भिंडी,N,en-US-AvaMultilingualNeural,fast,0.9,synthetic_tts_dataset\47 ਭਿੰਡੀ N\tts_en_US_Ava_fast.wav
46,ਭਿੰਡੀ,भिंडी,N,en-US-AndrewMultilingualNeural,normal,1.0,synthetic_tts_dataset\47 ਭਿੰਡੀ N\tts_en_US_Andrew_normal.wav
46,ਭਿੰਡੀ,भिंडी,N,en-US-AndrewMultilingualNeural,slow,1.12,synthetic_tts_dataset\47 ਭਿੰਡੀ N\tts_en_US_Andrew_slow.wav
46,ਭਿੰਡੀ,भिंडी,N,en-US-AndrewMultilingualNeural,fast,0.9,synthetic_tts_dataset\47 ਭਿੰਡੀ N\tts_en_US_Andrew_fast.wav
46,ਭਿੰਡੀ,भिंडी,N,en-US-BrianMultilingualNeural,normal,1.0,synthetic_tts_dataset\47 ਭਿੰਡੀ N\tts_en_US_Brian_normal.wav
46,ਭਿੰਡੀ,भिंडी,N,en-US-BrianMultilingualNeural,slow,1.12,synthetic_tts_dataset\47 ਭਿੰਡੀ N\tts_en_US_Brian_slow.wav
46,ਭਿੰਡੀ,भिंडी,N,en-US-BrianMultilingualNeural,fast,0.9,synthetic_tts_dataset\47 ਭਿੰਡੀ N\tts_en_US_Brian_fast.wav
46,ਭਿੰਡੀ,भिंडी,N,en-AU-WilliamMultilingualNeural,normal,1.0,synthetic_tts_dataset\47 ਭਿੰਡੀ N\tts_en_AU_William_normal.wav
46,ਭਿੰਡੀ,भिंडी,N,en-AU-WilliamMultilingualNeural,slow,1.12,synthetic_tts_dataset\47 ਭਿੰਡੀ N\tts_en_AU_William_slow.wav
46,ਭਿੰਡੀ,भिंडी,N,en-AU-WilliamMultilingualNeural,fast,0.9,synthetic_tts_dataset\47 ਭਿੰਡੀ N\tts_en_AU_William_fast.wav
47,ਭੇਡ,भेड़,N,en-US-EmmaMultilingualNeural,normal,1.0,synthetic_tts_dataset\48 ਭੇਡ N\tts_en_US_Emma_normal.wav
47,ਭੇਡ,भेड़,N,en-US-EmmaMultilingualNeural,slow,1.12,synthetic_tts_dataset\48 ਭੇਡ N\tts_en_US_Emma_slow.wav
47,ਭੇਡ,भेड़,N,en-US-EmmaMultilingualNeural,fast,0.9,synthetic_tts_dataset\48 ਭੇਡ N\tts_en_US_Emma_fast.wav
47,ਭੇਡ,भेड़,N,en-US-AvaMultilingualNeural,normal,1.0,synthetic_tts_dataset\48 ਭੇਡ N\tts_en_US_Ava_normal.wav
47,ਭੇਡ,भेड़,N,en-US-AvaMultilingualNeural,slow,1.12,synthetic_tts_dataset\48 ਭੇਡ N\tts_en_US_Ava_slow.wav
47,ਭੇਡ,भेड़,N,en-US-AvaMultilingualNeural,fast,0.9,synthetic_tts_dataset\48 ਭੇਡ N\tts_en_US_Ava_fast.wav
47,ਭੇਡ,भेड़,N,en-US-AndrewMultilingualNeural,normal,1.0,synthetic_tts_dataset\48 ਭੇਡ N\tts_en_US_Andrew_normal.wav
47,ਭੇਡ,भेड़,N,en-US-AndrewMultilingualNeural,slow,1.12,synthetic_tts_dataset\48 ਭੇਡ N\tts_en_US_Andrew_slow.wav
47,ਭੇਡ,भेड़,N,en-US-AndrewMultilingualNeural,fast,0.9,synthetic_tts_dataset\48 ਭੇਡ N\tts_en_US_Andrew_fast.wav
47,ਭੇਡ,भेड़,N,en-US-BrianMultilingualNeural,normal,1.0,synthetic_tts_dataset\48 ਭੇਡ N\tts_en_US_Brian_normal.wav
47,ਭੇਡ,भेड़,N,en-US-BrianMultilingualNeural,slow,1.12,synthetic_tts_dataset\48 ਭੇਡ N\tts_en_US_Brian_slow.wav
47,ਭੇਡ,भेड़,N,en-US-BrianMultilingualNeural,fast,0.9,synthetic_tts_dataset\48 ਭੇਡ N\tts_en_US_Brian_fast.wav
47,ਭੇਡ,भेड़,N,en-AU-WilliamMultilingualNeural,normal,1.0,synthetic_tts_dataset\48 ਭੇਡ N\tts_en_AU_William_normal.wav
47,ਭੇਡ,भेड़,N,en-AU-WilliamMultilingualNeural,slow,1.12,synthetic_tts_dataset\48 ਭੇਡ N\tts_en_AU_William_slow.wav
47,ਭੇਡ,भेड़,N,en-AU-WilliamMultilingualNeural,fast,0.9,synthetic_tts_dataset\48 ਭੇਡ N\tts_en_AU_William_fast.wav
48,ਮੱਛੀ,मछली,N,en-US-EmmaMultilingualNeural,normal,1.0,synthetic_tts_dataset\49 ਮੱਛੀ N\tts_en_US_Emma_normal.wav
48,ਮੱਛੀ,मछली,N,en-US-EmmaMultilingualNeural,slow,1.12,synthetic_tts_dataset\49 ਮੱਛੀ N\tts_en_US_Emma_slow.wav
48,ਮੱਛੀ,मछली,N,en-US-EmmaMultilingualNeural,fast,0.9,synthetic_tts_dataset\49 ਮੱਛੀ N\tts_en_US_Emma_fast.wav
48,ਮੱਛੀ,मछली,N,en-US-AvaMultilingualNeural,normal,1.0,synthetic_tts_dataset\49 ਮੱਛੀ N\tts_en_US_Ava_normal.wav
48,ਮੱਛੀ,मछली,N,en-US-AvaMultilingualNeural,slow,1.12,synthetic_tts_dataset\49 ਮੱਛੀ N\tts_en_US_Ava_slow.wav
48,ਮੱਛੀ,मछली,N,en-US-AvaMultilingualNeural,fast,0.9,synthetic_tts_dataset\49 ਮੱਛੀ N\tts_en_US_Ava_fast.wav
48,ਮੱਛੀ,मछली,N,en-US-AndrewMultilingualNeural,normal,1.0,synthetic_tts_dataset\49 ਮੱਛੀ N\tts_en_US_Andrew_normal.wav
48,ਮੱਛੀ,मछली,N,en-US-AndrewMultilingualNeural,slow,1.12,synthetic_tts_dataset\49 ਮੱਛੀ N\tts_en_US_Andrew_slow.wav
48,ਮੱਛੀ,मछली,N,en-US-AndrewMultilingualNeural,fast,0.9,synthetic_tts_dataset\49 ਮੱਛੀ N\tts_en_US_Andrew_fast.wav
48,ਮੱਛੀ,मछली,N,en-US-BrianMultilingualNeural,normal,1.0,synthetic_tts_dataset\49 ਮੱਛੀ N\tts_en_US_Brian_normal.wav
48,ਮੱਛੀ,मछली,N,en-US-BrianMultilingualNeural,slow,1.12,synthetic_tts_dataset\49 ਮੱਛੀ N\tts_en_US_Brian_slow.wav
48,ਮੱਛੀ,मछली,N,en-US-BrianMultilingualNeural,fast,0.9,synthetic_tts_dataset\49 ਮੱਛੀ N\tts_en_US_Brian_fast.wav
48,ਮੱਛੀ,मछली,N,en-AU-WilliamMultilingualNeural,normal,1.0,synthetic_tts_dataset\49 ਮੱਛੀ N\tts_en_AU_William_normal.wav
48,ਮੱਛੀ,मछली,N,en-AU-WilliamMultilingualNeural,slow,1.12,synthetic_tts_dataset\49 ਮੱਛੀ N\tts_en_AU_William_slow.wav
48,ਮੱਛੀ,मछली,N,en-AU-WilliamMultilingualNeural,fast,0.9,synthetic_tts_dataset\49 ਮੱਛੀ N\tts_en_AU_William_fast.wav
49,ਮਟਰ,मटर,N,en-US-EmmaMultilingualNeural,normal,1.0,synthetic_tts_dataset\50 ਮਟਰ N\tts_en_US_Emma_normal.wav
49,ਮਟਰ,मटर,N,en-US-EmmaMultilingualNeural,slow,1.12,synthetic_tts_dataset\50 ਮਟਰ N\tts_en_US_Emma_slow.wav
49,ਮਟਰ,मटर,N,en-US-EmmaMultilingualNeural,fast,0.9,synthetic_tts_dataset\50 ਮਟਰ N\tts_en_US_Emma_fast.wav
49,ਮਟਰ,मटर,N,en-US-AvaMultilingualNeural,normal,1.0,synthetic_tts_dataset\50 ਮਟਰ N\tts_en_US_Ava_normal.wav
49,ਮਟਰ,मटर,N,en-US-AvaMultilingualNeural,slow,1.12,synthetic_tts_dataset\50 ਮਟਰ N\tts_en_US_Ava_slow.wav
49,ਮਟਰ,मटर,N,en-US-AvaMultilingualNeural,fast,0.9,synthetic_tts_dataset\50 ਮਟਰ N\tts_en_US_Ava_fast.wav
49,ਮਟਰ,मटर,N,en-US-AndrewMultilingualNeural,normal,1.0,synthetic_tts_dataset\50 ਮਟਰ N\tts_en_US_Andrew_normal.wav
49,ਮਟਰ,मटर,N,en-US-AndrewMultilingualNeural,slow,1.12,synthetic_tts_dataset\50 ਮਟਰ N\tts_en_US_Andrew_slow.wav
49,ਮਟਰ,मटर,N,en-US-AndrewMultilingualNeural,fast,0.9,synthetic_tts_dataset\50 ਮਟਰ N\tts_en_US_Andrew_fast.wav
49,ਮਟਰ,मटर,N,en-US-BrianMultilingualNeural,normal,1.0,synthetic_tts_dataset\50 ਮਟਰ N\tts_en_US_Brian_normal.wav
49,ਮਟਰ,मटर,N,en-US-BrianMultilingualNeural,slow,1.12,synthetic_tts_dataset\50 ਮਟਰ N\tts_en_US_Brian_slow.wav
49,ਮਟਰ,मटर,N,en-US-BrianMultilingualNeural,fast,0.9,synthetic_tts_dataset\50 ਮਟਰ N\tts_en_US_Brian_fast.wav
49,ਮਟਰ,मटर,N,en-AU-WilliamMultilingualNeural,normal,1.0,synthetic_tts_dataset\50 ਮਟਰ N\tts_en_AU_William_normal.wav
49,ਮਟਰ,मटर,N,en-AU-WilliamMultilingualNeural,slow,1.12,synthetic_tts_dataset\50 ਮਟਰ N\tts_en_AU_William_slow.wav
49,ਮਟਰ,मटर,N,en-AU-WilliamMultilingualNeural,fast,0.9,synthetic_tts_dataset\50 ਮਟਰ N\tts_en_AU_William_fast.wav
